SubjectID,StimID,CueText,Phase,TrialIndex,TrialID,SaccStart_ms,SaccEnd_ms,Duration_ms,StartX,StartY,EndX,EndY,PeakVelocity
Encode-Decode_Experiment-1-1,2386442,teeth,encoding,1,1,362,382,20,956.3,527.4,906.5,592.9,118.3
Encode-Decode_Experiment-1-1,2386442,teeth,encoding,1,1,788,806,18,906.3,602.2,915.2,660.7,97.7
Encode-Decode_Experiment-1-1,2386442,teeth,encoding,1,1,1132,1196,64,911.0,662.8,341.0,428.2,451.2
Encode-Decode_Experiment-1-1,2386442,teeth,encoding,1,1,1360,1382,22,301.6,403.5,252.4,492.5,165.5
Encode-Decode_Experiment-1-1,2386442,teeth,encoding,1,1,1744,1762,18,271.8,477.9,215.6,514.9,103.5
Encode-Decode_Experiment-1-1,2386442,teeth,encoding,1,1,1974,2048,74,214.9,518.5,1194.5,455.7,475.9
Encode-Decode_Experiment-1-1,2386442,teeth,encoding,1,1,2190,2234,44,1234.4,467.2,1405.2,535.0,278.2
Encode-Decode_Experiment-1-1,2386442,teeth,encoding,1,1,2552,2570,18,1403.0,552.3,1432.5,545.5,68.9
Encode-Decode_Experiment-1-1,2386442,teeth,encoding,1,1,3122,3174,52,1416.5,544.8,1273.5,359.1,373.7
Encode-Decode_Experiment-1-1,2386442,teeth,encoding,1,1,3342,3410,68,1259.2,353.7,233.8,444.2,498.1
Encode-Decode_Experiment-1-1,2386442,teeth,encoding,1,1,3580,3602,22,261.3,449.2,224.1,525.1,137.5
Encode-Decode_Experiment-1-1,2386442,teeth,encoding,1,1,4064,4122,58,235.4,514.0,774.6,676.4,466.2
Encode-Decode_Experiment-1-1,2386442,teeth,encoding,1,1,4300,4336,36,815.8,690.1,895.9,715.3,202.8
Encode-Decode_Experiment-1-1,2386442,teeth,encoding,1,1,4546,4570,24,922.1,728.9,909.0,619.2,192.8
Encode-Decode_Experiment-1-1,2386442,teeth,encoding,1,1,4784,4844,60,913.5,637.5,394.0,365.9,540.1
Encode-Decode_Experiment-1-1,2386442,teeth,encoding,1,1,5076,5108,32,353.7,343.5,138.2,241.2,260.8
Encode-Decode_Experiment-1-1,2367132,video game,encoding,2,2,6954,6986,32,1278.1,546.1,1066.0,633.0,247.7
Encode-Decode_Experiment-1-1,2367132,video game,encoding,2,2,7152,7240,88,1084.7,586.9,1518.4,643.9,391.4
Encode-Decode_Experiment-1-1,2367132,video game,encoding,2,2,7490,7566,76,1521.3,646.0,805.5,690.2,570.3
Encode-Decode_Experiment-1-1,2367132,video game,encoding,2,2,7590,7776,186,1521.3,646.0,805.5,690.2,0.0
Encode-Decode_Experiment-1-1,2367132,video game,encoding,2,2,7962,7988,26,647.7,519.9,654.0,415.1,160.7
Encode-Decode_Experiment-1-1,2367132,video game,encoding,2,2,8286,8336,50,653.8,441.5,678.1,253.8,288.7
Encode-Decode_Experiment-1-1,2367132,video game,encoding,2,2,8556,8564,8,679.4,235.0,700.9,219.0,65.3
Encode-Decode_Experiment-1-1,2367132,video game,encoding,2,2,9598,9642,44,682.0,216.9,1005.8,327.5,269.8
Encode-Decode_Experiment-1-1,2367132,video game,encoding,2,2,9810,9880,70,1022.9,319.7,729.3,437.3,319.3
Encode-Decode_Experiment-1-1,2367132,video game,encoding,2,2,10018,10068,50,757.6,439.9,439.7,595.0,438.9
Encode-Decode_Experiment-1-1,2367132,video game,encoding,2,2,10356,10394,38,426.9,609.2,166.9,624.3,240.1
Encode-Decode_Experiment-1-1,2347025,umbrella,encoding,3,3,10456,10498,42,916.3,529.2,961.4,296.4,267.6
Encode-Decode_Experiment-1-1,2347025,umbrella,encoding,3,3,10648,10686,38,950.9,290.8,1006.8,402.2,271.3
Encode-Decode_Experiment-1-1,2347025,umbrella,encoding,3,3,10934,10962,28,1005.8,410.3,1122.8,520.7,251.7
Encode-Decode_Experiment-1-1,2347025,umbrella,encoding,3,3,11180,11244,64,1127.4,507.4,564.3,544.1,396.5
Encode-Decode_Experiment-1-1,2347025,umbrella,encoding,3,3,11588,11610,22,535.9,547.2,424.1,539.2,139.7
Encode-Decode_Experiment-1-1,2347025,umbrella,encoding,3,3,11976,12042,66,443.4,539.3,1021.2,614.1,334.6
Encode-Decode_Experiment-1-1,2347025,umbrella,encoding,3,3,12220,12266,46,1057.5,617.0,1094.9,738.8,181.5
Encode-Decode_Experiment-1-1,2347025,umbrella,encoding,3,3,12558,12584,26,1087.8,751.1,944.1,699.2,196.3
Encode-Decode_Experiment-1-1,2347025,umbrella,encoding,3,3,12882,12906,24,959.8,706.3,809.3,736.0,189.5
Encode-Decode_Experiment-1-1,2347025,umbrella,encoding,3,3,13086,13126,40,837.7,729.1,517.7,818.6,285.0
Encode-Decode_Experiment-1-1,2347025,umbrella,encoding,3,3,13414,13578,164,556.7,841.9,287.0,791.2,607.1
Encode-Decode_Experiment-1-1,2347025,umbrella,encoding,3,3,13790,13848,58,1029.7,517.8,627.3,539.2,363.0
Encode-Decode_Experiment-1-1,2347025,umbrella,encoding,3,3,14174,14198,24,576.8,536.7,414.0,562.5,202.6
Encode-Decode_Experiment-1-1,2347025,umbrella,encoding,3,3,14440,14472,32,431.8,556.3,453.9,355.5,273.0
Encode-Decode_Experiment-1-1,2347025,umbrella,encoding,3,3,14734,14800,66,458.0,364.7,1032.5,465.6,383.4
Encode-Decode_Experiment-1-1,2347025,umbrella,encoding,3,3,15030,15074,44,1069.8,474.9,1305.4,279.5,343.1
Encode-Decode_Experiment-1-1,2347025,umbrella,encoding,3,3,15324,15348,24,1304.6,281.7,1143.6,306.9,215.3
Encode-Decode_Experiment-1-1,2369373,chef,encoding,4,4,15612,15616,4,959.1,536.4,967.4,540.4,36.0
Encode-Decode_Experiment-1-1,2369373,chef,encoding,4,4,15886,15934,48,968.8,536.4,578.9,583.8,215.5
Encode-Decode_Experiment-1-1,2369373,chef,encoding,4,4,16104,16162,58,597.8,584.8,1051.5,599.8,340.4
Encode-Decode_Experiment-1-1,2369373,chef,encoding,4,4,16510,16532,22,1073.6,586.1,983.6,645.3,153.8
Encode-Decode_Experiment-1-1,2369373,chef,encoding,4,4,16716,16738,22,1000.4,636.5,904.8,712.4,198.3
Encode-Decode_Experiment-1-1,2369373,chef,encoding,4,4,17272,17306,34,927.1,693.5,754.9,698.3,143.6
Encode-Decode_Experiment-1-1,2369373,chef,encoding,4,4,17542,17570,28,776.1,696.2,565.4,675.4,228.0
Encode-Decode_Experiment-1-1,2369373,chef,encoding,4,4,18114,18142,28,585.9,682.7,387.3,656.5,198.9
Encode-Decode_Experiment-1-1,2369373,chef,encoding,4,4,18338,18356,18,394.8,662.4,297.8,663.9,123.9
Encode-Decode_Experiment-1-1,2369373,chef,encoding,4,4,18514,18580,66,309.3,663.4,1003.9,670.8,438.1
Encode-Decode_Experiment-1-1,2369373,chef,encoding,4,4,18752,18806,54,1066.0,664.4,1259.0,635.5,245.0
Encode-Decode_Experiment-1-1,2369373,chef,encoding,4,4,19128,19158,30,1276.7,641.5,1057.4,635.3,242.8
Encode-Decode_Experiment-1-1,2369373,chef,encoding,4,4,19678,19702,24,1045.7,647.0,1114.9,504.2,246.4
Encode-Decode_Experiment-1-1,2369373,chef,encoding,4,4,19966,20024,58,1133.1,496.5,818.0,276.6,354.8
Encode-Decode_Experiment-1-1,2369373,chef,encoding,4,4,20286,20330,44,785.1,264.0,954.2,459.6,302.3
Encode-Decode_Experiment-1-1,2369373,chef,encoding,4,4,20458,20484,26,945.8,472.4,1128.2,569.3,267.0
Encode-Decode_Experiment-1-1,2394020,horse ride,encoding,5,5,21172,21284,112,1044.1,554.0,1102.4,793.2,646.6
Encode-Decode_Experiment-1-1,2394020,horse ride,encoding,5,5,21502,21534,32,1043.8,578.5,1068.2,864.7,389.3
Encode-Decode_Experiment-1-1,2394020,horse ride,encoding,5,5,22044,22076,32,1054.8,863.3,824.5,622.8,376.4
Encode-Decode_Experiment-1-1,2394020,horse ride,encoding,5,5,22688,22746,58,805.4,622.3,1212.5,567.3,339.1
Encode-Decode_Experiment-1-1,2394020,horse ride,encoding,5,5,22936,22956,20,1240.8,562.1,1175.7,513.7,136.3
Encode-Decode_Experiment-1-1,2394020,horse ride,encoding,5,5,23360,23390,30,1195.9,525.0,929.3,565.6,256.2
Encode-Decode_Experiment-1-1,2394020,horse ride,encoding,5,5,23656,23682,26,908.3,567.4,741.0,659.2,236.1
Encode-Decode_Experiment-1-1,2394020,horse ride,encoding,5,5,24078,24100,22,794.0,661.3,652.8,627.9,179.8
Encode-Decode_Experiment-1-1,2394020,horse ride,encoding,5,5,24438,24500,62,636.7,612.8,1163.1,562.2,364.2
Encode-Decode_Experiment-1-1,2394020,horse ride,encoding,5,5,24750,24802,52,1208.3,571.0,1442.8,687.9,274.2
Encode-Decode_Experiment-1-1,2394020,horse ride,encoding,5,5,25110,25156,46,1420.6,694.1,1140.0,848.4,375.1
Encode-Decode_Experiment-1-1,2394020,horse ride,encoding,5,5,25560,25590,30,1155.4,868.6,1326.4,881.3,162.3
Encode-Decode_Experiment-1-1,2345035,football,encoding,6,6,26108,26138,30,994.3,522.9,971.1,324.4,276.5
Encode-Decode_Experiment-1-1,2345035,football,encoding,6,6,26296,26316,20,977.7,325.0,1083.2,295.5,157.6
Encode-Decode_Experiment-1-1,2345035,football,encoding,6,6,26544,26584,40,1072.4,302.8,760.6,290.3,257.8
Encode-Decode_Experiment-1-1,2345035,football,encoding,6,6,26832,26850,18,773.2,290.8,838.8,262.5,115.8
Encode-Decode_Experiment-1-1,2345035,football,encoding,6,6,27196,27254,58,826.2,265.1,930.8,554.7,326.4
Encode-Decode_Experiment-1-1,2345035,football,encoding,6,6,27546,27590,44,947.9,591.0,923.7,703.5,223.7
Encode-Decode_Experiment-1-1,2345035,football,encoding,6,6,27690,27760,70,918.8,719.7,1293.5,213.8,519.0
Encode-Decode_Experiment-1-1,2345035,football,encoding,6,6,28076,28138,62,1312.8,203.9,986.8,632.9,548.1
Encode-Decode_Experiment-1-1,2345035,football,encoding,6,6,28334,28362,28,983.3,667.3,699.6,725.9,329.8
Encode-Decode_Experiment-1-1,2345035,football,encoding,6,6,28544,28582,38,688.4,723.1,849.3,847.8,327.9
Encode-Decode_Experiment-1-1,2345035,football,encoding,6,6,28864,28922,58,861.8,859.6,1200.2,851.0,312.5
Encode-Decode_Experiment-1-1,2345035,football,encoding,6,6,29198,29262,64,1231.1,843.5,960.5,308.9,599.9
Encode-Decode_Experiment-1-1,2345035,football,encoding,6,6,29412,29448,36,951.8,311.9,1048.7,296.6,226.5
Encode-Decode_Experiment-1-1,2345035,football,encoding,6,6,29610,29662,52,1059.9,293.0,744.7,251.7,397.8
Encode-Decode_Experiment-1-1,2345035,football,encoding,6,6,29826,29858,32,718.2,262.5,781.8,219.0,197.2
Encode-Decode_Experiment-1-1,2345035,football,encoding,6,6,30022,30034,12,803.7,214.4,842.8,216.3,66.8
Encode-Decode_Experiment-1-1,2345035,football,encoding,6,6,30442,30496,54,853.5,227.6,778.7,437.2,303.8
Encode-Decode_Experiment-1-1,2345035,football,encoding,6,6,30750,30804,54,782.0,458.8,849.6,719.5,349.6
Encode-Decode_Experiment-1-1,2345035,football,encoding,6,6,30964,30988,24,849.4,751.4,836.4,846.7,153.4
Encode-Decode_Experiment-1-1,2408717,surfboard,encoding,7,7,31510,31536,26,948.1,533.2,757.8,453.1,235.3
Encode-Decode_Experiment-1-1,2408717,surfboard,encoding,7,7,31798,31844,46,749.2,438.3,434.3,449.1,237.3
Encode-Decode_Experiment-1-1,2408717,surfboard,encoding,7,7,32138,32158,20,447.9,454.8,370.8,413.2,115.7
Encode-Decode_Experiment-1-1,2408717,surfboard,encoding,7,7,32338,32362,24,386.4,415.1,305.5,514.2,190.4
Encode-Decode_Experiment-1-1,2408717,surfboard,encoding,7,7,32656,32670,14,315.8,509.6,268.0,532.1,83.7
Encode-Decode_Experiment-1-1,2408717,surfboard,encoding,7,7,33476,33496,20,252.4,532.7,283.6,462.4,136.1
Encode-Decode_Experiment-1-1,2408717,surfboard,encoding,7,7,34086,34110,24,299.4,457.5,210.8,588.1,219.6
Encode-Decode_Experiment-1-1,2408717,surfboard,encoding,7,7,34368,34388,20,218.0,584.8,185.7,537.4,85.0
Encode-Decode_Experiment-1-1,2408717,surfboard,encoding,7,7,34554,34576,22,191.6,552.8,85.7,560.0,119.3
Encode-Decode_Experiment-1-1,2408717,surfboard,encoding,7,7,34966,34970,4,100.0,566.0,86.3,569.4,46.9
Encode-Decode_Experiment-1-1,2408717,surfboard,encoding,7,7,35056,35096,40,88.0,567.4,260.3,542.7,245.0
Encode-Decode_Experiment-1-1,2408717,surfboard,encoding,7,7,35490,35496,6,268.9,530.4,248.9,532.5,48.9
Encode-Decode_Experiment-1-1,2408717,surfboard,encoding,7,7,35648,35692,44,261.1,529.4,458.5,474.3,222.8
Encode-Decode_Experiment-1-1,2408717,surfboard,encoding,7,7,36064,36092,28,455.5,476.2,267.8,519.0,203.3
Encode-Decode_Experiment-1-1,2344622,cat,encoding,8,8,36484,36518,34,981.2,550.9,1013.8,505.4,153.0
Encode-Decode_Experiment-1-1,2344622,cat,encoding,8,8,36686,36724,38,1010.3,499.5,896.4,512.5,207.5
Encode-Decode_Experiment-1-1,2344622,cat,encoding,8,8,36890,36916,26,880.7,527.2,740.5,489.6,189.3
Encode-Decode_Experiment-1-1,2344622,cat,encoding,8,8,37376,37426,50,749.1,504.8,371.4,573.4,236.4
Encode-Decode_Experiment-1-1,2344622,cat,encoding,8,8,37698,37710,12,388.8,577.4,352.4,594.2,66.0
Encode-Decode_Experiment-1-1,2344622,cat,encoding,8,8,37996,38060,64,354.6,599.8,752.9,524.6,341.9
Encode-Decode_Experiment-1-1,2344622,cat,encoding,8,8,38298,38360,62,784.8,527.6,1234.8,555.1,378.1
Encode-Decode_Experiment-1-1,2344622,cat,encoding,8,8,38670,38700,30,1271.8,550.4,1543.7,556.3,284.0
Encode-Decode_Experiment-1-1,2344622,cat,encoding,8,8,39048,39076,28,1541.6,562.2,1669.7,648.2,217.3
Encode-Decode_Experiment-1-1,2344622,cat,encoding,8,8,39274,39334,60,1652.8,633.2,1795.1,286.3,422.0
Encode-Decode_Experiment-1-1,2344622,cat,encoding,8,8,39590,39654,64,1807.1,268.7,1338.0,259.6,436.5
Encode-Decode_Experiment-1-1,2344622,cat,encoding,8,8,40032,40082,50,1296.0,265.2,1647.1,345.5,303.9
Encode-Decode_Experiment-1-1,2344622,cat,encoding,8,8,40326,40374,48,1640.0,339.0,1617.7,545.8,305.1
Encode-Decode_Experiment-1-1,2344622,cat,encoding,8,8,40560,40618,58,1603.0,567.7,1284.8,550.7,342.3
Encode-Decode_Experiment-1-1,2344622,cat,encoding,8,8,41042,41104,62,1264.1,555.9,764.4,466.7,450.4
Encode-Decode_Experiment-1-1,2344622,cat,encoding,8,8,41324,41342,18,736.7,463.1,731.9,518.3,95.9
Encode-Decode_Experiment-1-1,2356991,baseball,encoding,9,9,41480,41486,6,957.2,543.1,974.5,540.5,46.1
Encode-Decode_Experiment-1-1,2356991,baseball,encoding,9,9,41666,41694,28,971.3,542.1,1022.8,498.4,106.3
Encode-Decode_Experiment-1-1,2356991,baseball,encoding,9,9,41852,41878,26,1034.5,510.7,1289.4,516.0,281.4
Encode-Decode_Experiment-1-1,2356991,baseball,encoding,9,9,42166,42232,66,1315.3,514.9,732.1,707.5,440.0
Encode-Decode_Experiment-1-1,2356991,baseball,encoding,9,9,42512,42570,58,703.0,717.0,940.7,873.5,343.2
Encode-Decode_Experiment-1-1,2356991,baseball,encoding,9,9,42976,42998,22,963.2,887.7,1071.1,872.2,140.8
Encode-Decode_Experiment-1-1,2356991,baseball,encoding,9,9,43320,43382,62,1053.7,882.0,1238.8,579.8,340.8
Encode-Decode_Experiment-1-1,2356991,baseball,encoding,9,9,43536,43560,24,1248.8,558.7,1358.0,514.1,164.0
Encode-Decode_Experiment-1-1,2356991,baseball,encoding,9,9,43810,43878,68,1338.4,528.5,832.5,674.6,358.0
Encode-Decode_Experiment-1-1,2356991,baseball,encoding,9,9,44072,44112,40,814.6,684.9,570.1,796.4,314.9
Encode-Decode_Experiment-1-1,2356991,baseball,encoding,9,9,44328,44380,52,584.4,802.7,848.8,761.0,291.0
Encode-Decode_Experiment-1-1,2356991,baseball,encoding,9,9,44486,44530,44,865.4,746.0,848.8,564.1,385.2
Encode-Decode_Experiment-1-1,2356991,baseball,encoding,9,9,44736,44754,18,850.7,537.4,851.7,489.2,91.2
Encode-Decode_Experiment-1-1,2356991,baseball,encoding,9,9,44924,44988,64,852.8,505.7,960.3,861.3,425.8
Encode-Decode_Experiment-1-1,2356991,baseball,encoding,9,9,45434,45494,60,971.6,871.4,623.9,713.2,376.3
Encode-Decode_Experiment-1-1,2356991,baseball,encoding,9,9,45848,45870,22,606.4,696.6,593.2,607.4,150.6
Encode-Decode_Experiment-1-1,2356991,baseball,encoding,9,9,46232,46262,30,596.7,624.8,881.3,504.7,336.2
Encode-Decode_Experiment-1-1,2356991,baseball,encoding,9,9,46444,46500,56,897.4,509.9,1240.9,343.2,360.8
Encode-Decode_Experiment-1-1,2356125,airport,encoding,10,10,46802,46826,24,948.8,529.7,1108.8,496.5,210.5
Encode-Decode_Experiment-1-1,2356125,airport,encoding,10,10,47088,47140,52,1121.8,512.3,1214.7,703.6,303.2
Encode-Decode_Experiment-1-1,2356125,airport,encoding,10,10,47504,47522,18,1221.4,714.6,1139.7,708.8,110.1
Encode-Decode_Experiment-1-1,2356125,airport,encoding,10,10,47734,47798,64,1142.6,700.2,649.8,727.9,346.4
Encode-Decode_Experiment-1-1,2356125,airport,encoding,10,10,48044,48080,36,619.6,736.5,498.3,717.3,192.6
Encode-Decode_Experiment-1-1,2356125,airport,encoding,10,10,48200,48248,48,497.0,724.5,583.8,479.1,478.3
Encode-Decode_Experiment-1-1,2356125,airport,encoding,10,10,48590,48660,70,595.5,438.5,1173.9,583.0,429.9
Encode-Decode_Experiment-1-1,2356125,airport,encoding,10,10,49006,49034,28,1215.6,586.9,1024.7,677.8,255.1
Encode-Decode_Experiment-1-1,2356125,airport,encoding,10,10,49642,49660,18,1046.5,683.0,978.8,715.1,108.8
Encode-Decode_Experiment-1-1,2356125,airport,encoding,10,10,50276,50322,46,999.4,711.6,1312.8,567.2,263.2
Encode-Decode_Experiment-1-1,2356125,airport,encoding,10,10,50816,50834,18,1278.8,576.7,1216.5,562.4,97.8
Encode-Decode_Experiment-1-1,2356125,airport,encoding,10,10,51026,51054,28,1234.9,568.6,1012.2,682.8,297.2
Encode-Decode_Experiment-1-1,2356125,airport,encoding,10,10,51548,51560,12,1019.3,684.3,969.5,697.1,81.0
Encode-Decode_Experiment-1-1,150472,pizza,encoding,11,11,51990,52010,20,964.0,525.5,877.9,466.1,147.6
Encode-Decode_Experiment-1-1,150472,pizza,encoding,11,11,52188,52212,24,873.2,464.2,689.8,503.7,220.6
Encode-Decode_Experiment-1-1,150472,pizza,encoding,11,11,52432,52470,38,681.5,506.8,451.4,392.4,262.1
Encode-Decode_Experiment-1-1,150472,pizza,encoding,11,11,52824,52876,52,472.5,406.5,574.3,551.0,259.2
Encode-Decode_Experiment-1-1,150472,pizza,encoding,11,11,53042,53086,44,584.0,561.3,939.8,471.4,340.0
Encode-Decode_Experiment-1-1,150472,pizza,encoding,11,11,53452,53488,36,929.0,489.5,809.7,370.6,206.8
Encode-Decode_Experiment-1-1,150472,pizza,encoding,11,11,53674,53696,22,813.7,384.8,865.2,315.8,139.2
Encode-Decode_Experiment-1-1,150472,pizza,encoding,11,11,53948,54008,60,854.0,333.5,592.5,517.0,390.3
Encode-Decode_Experiment-1-1,150472,pizza,encoding,11,11,54252,54274,22,588.4,541.1,490.2,504.7,136.6
Encode-Decode_Experiment-1-1,150472,pizza,encoding,11,11,54722,54736,14,502.8,508.9,554.1,499.0,74.5
Encode-Decode_Experiment-1-1,150472,pizza,encoding,11,11,55198,55222,24,548.0,504.8,684.5,589.7,193.5
Encode-Decode_Experiment-1-1,150472,pizza,encoding,11,11,55674,55692,18,681.5,598.1,757.2,608.3,104.8
Encode-Decode_Experiment-1-1,150472,pizza,encoding,11,11,56204,56230,26,755.7,613.6,544.4,531.2,283.0
Encode-Decode_Experiment-1-1,150472,pizza,encoding,11,11,56686,56728,42,563.0,529.6,410.6,354.6,233.8
Encode-Decode_Experiment-1-1,2348899,tie,encoding,12,12,57124,57180,56,348.0,462.8,828.2,494.7,345.9
Encode-Decode_Experiment-1-1,2348899,tie,encoding,12,12,57314,57350,36,856.9,495.3,858.3,571.6,162.3
Encode-Decode_Experiment-1-1,2348899,tie,encoding,12,12,57518,57548,30,863.9,595.6,950.0,756.8,275.5
Encode-Decode_Experiment-1-1,2348899,tie,encoding,12,12,57706,57740,34,953.3,742.8,978.3,792.0,163.3
Encode-Decode_Experiment-1-1,2348899,tie,encoding,12,12,58050,58064,14,979.0,803.1,1027.0,809.9,74.1
Encode-Decode_Experiment-1-1,2348899,tie,encoding,12,12,58330,58348,18,1013.0,815.1,953.4,851.7,97.0
Encode-Decode_Experiment-1-1,2348899,tie,encoding,12,12,58628,58656,28,979.2,850.8,1047.8,1036.3,296.3
Encode-Decode_Experiment-1-1,2348899,tie,encoding,12,12,58952,58978,26,1051.5,1019.6,1055.2,835.3,265.2
Encode-Decode_Experiment-1-1,2348899,tie,encoding,12,12,59210,59236,26,1063.9,828.0,1056.0,713.7,198.9
Encode-Decode_Experiment-1-1,2348899,tie,encoding,12,12,59626,59650,24,1066.3,727.5,906.7,799.7,220.2
Encode-Decode_Experiment-1-1,2348899,tie,encoding,12,12,60140,60146,6,909.7,806.3,928.3,802.9,47.7
Encode-Decode_Experiment-1-1,2348899,tie,encoding,12,12,60658,60702,44,929.6,811.2,447.1,551.6,450.3
Encode-Decode_Experiment-1-1,2348899,tie,encoding,12,12,60900,60916,16,446.8,550.2,508.6,523.3,102.0
Encode-Decode_Experiment-1-1,2348899,tie,encoding,12,12,61276,61292,16,497.1,523.9,481.0,566.9,89.1
Encode-Decode_Experiment-1-1,2348899,tie,encoding,12,12,61492,61506,14,487.2,560.5,495.8,602.3,76.0
Encode-Decode_Experiment-1-1,2348899,tie,encoding,12,12,61694,61748,54,502.0,610.4,240.8,639.9,242.2
Encode-Decode_Experiment-1-1,2348899,tie,encoding,12,12,61976,62040,64,214.8,650.7,819.3,591.5,445.1
Encode-Decode_Experiment-1-1,2349475,blender,encoding,13,13,62318,62356,38,961.7,539.1,742.5,500.6,215.3
Encode-Decode_Experiment-1-1,2349475,blender,encoding,13,13,62556,62612,56,755.8,501.1,980.7,609.6,256.8
Encode-Decode_Experiment-1-1,2349475,blender,encoding,13,13,62806,62832,26,987.7,626.4,936.0,781.8,271.4
Encode-Decode_Experiment-1-1,2349475,blender,encoding,13,13,63054,63086,32,943.4,764.7,872.4,803.3,187.2
Encode-Decode_Experiment-1-1,2349475,blender,encoding,13,13,63318,63346,28,867.3,810.2,634.1,730.9,264.6
Encode-Decode_Experiment-1-1,2349475,blender,encoding,13,13,63532,63590,58,636.7,735.4,965.3,509.2,431.9
Encode-Decode_Experiment-1-1,2349475,blender,encoding,13,13,63930,63956,26,999.0,494.6,995.8,600.9,156.8
Encode-Decode_Experiment-1-1,2349475,blender,encoding,13,13,64102,64154,52,996.2,592.6,743.3,475.8,380.8
Encode-Decode_Experiment-1-1,2349475,blender,encoding,13,13,64368,64384,16,722.2,472.4,667.9,483.7,77.8
Encode-Decode_Experiment-1-1,2349475,blender,encoding,13,13,64702,64764,62,690.2,479.4,1138.6,396.9,342.1
Encode-Decode_Experiment-1-1,2349475,blender,encoding,13,13,64876,64936,60,1173.2,391.8,789.2,430.8,336.8
Encode-Decode_Experiment-1-1,2349475,blender,encoding,13,13,65090,65110,20,762.6,434.9,687.8,478.5,138.3
Encode-Decode_Experiment-1-1,2349475,blender,encoding,13,13,65446,65460,14,711.4,480.4,760.9,472.9,81.8
Encode-Decode_Experiment-1-1,2349475,blender,encoding,13,13,65606,65674,68,750.9,481.8,1470.3,283.1,464.3
Encode-Decode_Experiment-1-1,2349475,blender,encoding,13,13,65916,65932,16,1528.7,279.5,1538.1,255.3,65.7
Encode-Decode_Experiment-1-1,2349475,blender,encoding,13,13,66018,66068,50,1533.9,262.9,1314.6,414.1,383.2
Encode-Decode_Experiment-1-1,2349475,blender,encoding,13,13,66336,66380,44,1297.9,442.1,1068.6,502.3,260.2
Encode-Decode_Experiment-1-1,2349475,blender,encoding,13,13,66696,66732,36,1045.2,510.6,989.8,569.5,208.8
Encode-Decode_Experiment-1-1,2349475,blender,encoding,13,13,66994,67040,46,977.0,578.7,969.3,727.2,264.5
Encode-Decode_Experiment-1-1,2347400,wine,encoding,14,14,67468,67516,48,975.8,529.8,690.7,444.8,204.6
Encode-Decode_Experiment-1-1,2347400,wine,encoding,14,14,67722,67742,20,703.2,442.5,627.1,464.5,110.6
Encode-Decode_Experiment-1-1,2347400,wine,encoding,14,14,68074,68130,56,639.7,466.4,1142.4,487.5,301.4
Encode-Decode_Experiment-1-1,2347400,wine,encoding,14,14,68332,68366,34,1135.6,499.9,1237.4,444.1,235.5
Encode-Decode_Experiment-1-1,2347400,wine,encoding,14,14,68844,68908,64,1256.8,444.5,735.9,454.9,359.3
Encode-Decode_Experiment-1-1,2347400,wine,encoding,14,14,69050,69124,74,713.3,458.7,1292.0,401.6,410.0
Encode-Decode_Experiment-1-1,2347400,wine,encoding,14,14,69648,69682,34,1280.5,426.1,1335.0,502.0,148.8
Encode-Decode_Experiment-1-1,2347400,wine,encoding,14,14,69922,69986,64,1338.3,496.0,684.5,454.7,447.6
Encode-Decode_Experiment-1-1,2347400,wine,encoding,14,14,70170,70190,20,648.1,456.9,567.9,438.5,119.2
Encode-Decode_Experiment-1-1,2347400,wine,encoding,14,14,70540,70556,16,596.8,445.0,548.9,427.9,77.4
Encode-Decode_Experiment-1-1,2347400,wine,encoding,14,14,70768,70792,24,560.9,434.8,420.8,412.4,163.5
Encode-Decode_Experiment-1-1,2347400,wine,encoding,14,14,71084,71144,60,438.1,416.2,1066.9,488.8,441.4
Encode-Decode_Experiment-1-1,2347400,wine,encoding,14,14,71416,71464,48,1112.9,492.6,659.0,476.2,296.6
Encode-Decode_Experiment-1-1,2347400,wine,encoding,14,14,71898,71918,20,659.4,480.2,599.6,441.0,96.4
Encode-Decode_Experiment-1-1,2347400,wine,encoding,14,14,72170,72220,50,619.5,454.3,1216.7,505.3,423.7
Encode-Decode_Experiment-1-1,2411268,apple,encoding,15,15,72662,72696,34,973.6,513.3,1065.8,312.1,265.3
Encode-Decode_Experiment-1-1,2411268,apple,encoding,15,15,72854,72876,22,1064.6,319.1,1057.1,254.3,122.6
Encode-Decode_Experiment-1-1,2411268,apple,encoding,15,15,73320,73344,24,1074.3,267.3,1004.5,185.3,165.6
Encode-Decode_Experiment-1-1,2411268,apple,encoding,15,15,73780,73796,16,1006.1,202.0,969.2,182.6,68.6
Encode-Decode_Experiment-1-1,2411268,apple,encoding,15,15,74008,74040,32,979.3,186.9,683.8,229.8,302.0
Encode-Decode_Experiment-1-1,2411268,apple,encoding,15,15,74614,74642,28,702.5,238.2,1004.5,215.0,361.1
Encode-Decode_Experiment-1-1,2411268,apple,encoding,15,15,74838,74862,24,1008.7,229.1,1078.1,295.7,140.0
Encode-Decode_Experiment-1-1,2411268,apple,encoding,15,15,75036,75074,38,1059.7,284.8,1182.1,357.0,311.0
Encode-Decode_Experiment-1-1,2411268,apple,encoding,15,15,75214,75236,22,1190.5,366.3,1129.6,342.4,116.4
Encode-Decode_Experiment-1-1,2411268,apple,encoding,15,15,75488,75512,24,1140.5,354.1,1236.0,285.1,169.8
Encode-Decode_Experiment-1-1,2411268,apple,encoding,15,15,75762,75782,20,1226.3,293.0,1211.8,230.8,119.7
Encode-Decode_Experiment-1-1,2411268,apple,encoding,15,15,76502,76530,28,1218.8,254.9,1008.0,186.4,281.6
Encode-Decode_Experiment-1-1,2411268,apple,encoding,15,15,77048,77064,16,1006.9,197.5,977.1,241.0,93.8
Encode-Decode_Experiment-1-1,2374670,spray-vehicle,encoding,16,16,77900,77926,26,1006.4,526.7,880.9,451.6,203.0
Encode-Decode_Experiment-1-1,2374670,spray-vehicle,encoding,16,16,78158,78210,52,893.7,454.3,854.8,686.5,304.6
Encode-Decode_Experiment-1-1,2374670,spray-vehicle,encoding,16,16,78376,78414,38,856.8,722.6,600.8,806.8,266.3
Encode-Decode_Experiment-1-1,2374670,spray-vehicle,encoding,16,16,78770,78828,58,612.5,814.0,997.3,683.0,370.0
Encode-Decode_Experiment-1-1,2374670,spray-vehicle,encoding,16,16,79008,79054,46,1031.8,668.3,944.7,505.0,351.8
Encode-Decode_Experiment-1-1,2374670,spray-vehicle,encoding,16,16,79222,79252,30,938.6,483.3,895.8,457.8,134.1
Encode-Decode_Experiment-1-1,2374670,spray-vehicle,encoding,16,16,79694,79728,34,884.4,463.8,1100.9,633.2,341.5
Encode-Decode_Experiment-1-1,2374670,spray-vehicle,encoding,16,16,79984,80050,66,1123.6,630.3,398.2,430.9,493.8
Encode-Decode_Experiment-1-1,2374670,spray-vehicle,encoding,16,16,80398,80486,88,377.7,439.8,1430.0,874.1,595.6
Encode-Decode_Experiment-1-1,2374670,spray-vehicle,encoding,16,16,80676,80702,26,1446.8,890.9,1347.2,778.1,206.1
Encode-Decode_Experiment-1-1,2374670,spray-vehicle,encoding,16,16,81186,81240,54,1364.3,809.5,1656.8,923.9,249.5
Encode-Decode_Experiment-1-1,2374670,spray-vehicle,encoding,16,16,81510,81570,60,1648.1,920.3,1735.1,666.5,313.6
Encode-Decode_Experiment-1-1,2374670,spray-vehicle,encoding,16,16,81966,82032,66,1741.3,651.8,1119.0,669.1,386.0
Encode-Decode_Experiment-1-1,2374670,spray-vehicle,encoding,16,16,82292,82346,54,1097.6,673.2,629.4,817.9,376.6
Encode-Decode_Experiment-1-1,2374670,spray-vehicle,encoding,16,16,82706,82750,44,645.2,818.0,593.3,824.5,110.8
Encode-Decode_Experiment-1-1,2385550,tangerines,encoding,17,17,83072,83088,16,980.0,520.1,1010.6,522.5,57.6
Encode-Decode_Experiment-1-1,2385550,tangerines,encoding,17,17,83164,83210,46,998.6,523.6,535.6,553.8,339.7
Encode-Decode_Experiment-1-1,2385550,tangerines,encoding,17,17,83586,83602,16,534.4,566.0,484.8,556.7,68.3
Encode-Decode_Experiment-1-1,2385550,tangerines,encoding,17,17,83894,83970,76,499.8,559.6,1310.0,634.7,412.1
Encode-Decode_Experiment-1-1,2385550,tangerines,encoding,17,17,84496,84512,16,1357.9,644.2,1301.3,663.1,89.4
Encode-Decode_Experiment-1-1,2385550,tangerines,encoding,17,17,84810,84864,54,1311.5,667.0,590.5,546.2,419.9
Encode-Decode_Experiment-1-1,2385550,tangerines,encoding,17,17,85360,85386,26,562.0,555.8,497.2,438.3,213.8
Encode-Decode_Experiment-1-1,2385550,tangerines,encoding,17,17,85674,85746,72,509.4,445.2,1275.5,488.5,416.8
Encode-Decode_Experiment-1-1,2385550,tangerines,encoding,17,17,86036,86050,14,1293.1,506.3,1248.5,497.7,69.2
Encode-Decode_Experiment-1-1,2385550,tangerines,encoding,17,17,86482,86504,22,1253.4,498.7,1389.0,533.5,184.8
Encode-Decode_Experiment-1-1,2385550,tangerines,encoding,17,17,86702,86722,20,1399.4,541.9,1327.9,585.8,118.9
Encode-Decode_Experiment-1-1,2385550,tangerines,encoding,17,17,86874,86926,52,1346.7,576.1,565.8,454.1,517.5
Encode-Decode_Experiment-1-1,2385550,tangerines,encoding,17,17,87236,87262,26,570.0,459.1,515.0,562.7,193.4
Encode-Decode_Experiment-1-1,2350974,drink,encoding,18,18,88152,88196,44,973.2,517.1,765.3,354.5,217.3
Encode-Decode_Experiment-1-1,2350974,drink,encoding,18,18,88330,88350,20,782.4,361.4,709.1,313.1,130.2
Encode-Decode_Experiment-1-1,2350974,drink,encoding,18,18,88542,88550,8,715.1,324.5,688.2,325.9,56.5
Encode-Decode_Experiment-1-1,2350974,drink,encoding,18,18,88826,88842,16,682.3,333.7,613.0,329.6,96.5
Encode-Decode_Experiment-1-1,2350974,drink,encoding,18,18,89238,89304,66,640.0,330.4,1113.1,326.8,386.1
Encode-Decode_Experiment-1-1,2350974,drink,encoding,18,18,89666,89728,62,1148.4,331.3,723.9,329.7,330.5
Encode-Decode_Experiment-1-1,2350974,drink,encoding,18,18,89998,90018,20,695.6,340.4,636.9,321.7,95.3
Encode-Decode_Experiment-1-1,2350974,drink,encoding,18,18,90410,90432,22,656.1,335.5,565.6,318.2,134.4
Encode-Decode_Experiment-1-1,2350974,drink,encoding,18,18,90720,90742,22,583.9,325.9,704.7,324.3,151.9
Encode-Decode_Experiment-1-1,2350974,drink,encoding,18,18,91052,91062,10,696.3,334.6,726.4,331.6,57.4
Encode-Decode_Experiment-1-1,2350974,drink,encoding,18,18,91502,91544,42,726.8,333.4,561.4,485.1,291.5
Encode-Decode_Experiment-1-1,2350974,drink,encoding,18,18,91808,91860,52,561.4,477.6,481.9,282.8,329.2
Encode-Decode_Experiment-1-1,2350974,drink,encoding,18,18,92008,92044,36,486.3,279.8,595.0,323.5,214.4
Encode-Decode_Experiment-1-1,2350974,drink,encoding,18,18,92208,92224,16,612.2,320.6,673.6,339.2,100.0
Encode-Decode_Experiment-1-1,2350974,drink,encoding,18,18,92612,92672,60,655.6,341.8,1091.8,319.9,410.2
Encode-Decode_Experiment-1-1,2387122,polar bear,encoding,19,19,93352,93380,28,1035.8,530.5,892.0,532.5,168.9
Encode-Decode_Experiment-1-1,2387122,polar bear,encoding,19,19,93530,93556,26,918.4,542.3,1036.8,399.6,282.5
Encode-Decode_Experiment-1-1,2387122,polar bear,encoding,19,19,93724,93784,60,1018.1,420.1,1173.3,768.7,458.3
Encode-Decode_Experiment-1-1,2387122,polar bear,encoding,19,19,94036,94098,62,1183.6,801.2,1045.0,511.8,390.8
Encode-Decode_Experiment-1-1,2387122,polar bear,encoding,19,19,94476,94534,58,1043.9,492.0,730.5,595.1,371.7
Encode-Decode_Experiment-1-1,2387122,polar bear,encoding,19,19,94790,94800,10,716.8,609.3,754.5,613.8,68.1
Encode-Decode_Experiment-1-1,2387122,polar bear,encoding,19,19,94968,95028,60,738.8,615.6,1021.6,471.3,387.2
Encode-Decode_Experiment-1-1,2387122,polar bear,encoding,19,19,95380,95404,24,1041.9,466.6,1183.5,394.4,219.6
Encode-Decode_Experiment-1-1,2387122,polar bear,encoding,19,19,95662,95724,62,1170.0,401.7,1187.3,766.5,426.0
Encode-Decode_Experiment-1-1,2387122,polar bear,encoding,19,19,95994,96024,30,1195.6,796.6,1046.1,549.8,411.2
Encode-Decode_Experiment-1-1,2387122,polar bear,encoding,19,19,96390,96416,26,1042.8,557.5,1038.2,458.5,175.4
Encode-Decode_Experiment-1-1,2387122,polar bear,encoding,19,19,96762,96784,22,1046.3,480.5,959.0,543.3,168.1
Encode-Decode_Experiment-1-1,2387122,polar bear,encoding,19,19,97190,97220,30,975.3,541.0,1062.5,524.2,178.9
Encode-Decode_Experiment-1-1,2387122,polar bear,encoding,19,19,97566,97618,52,1060.6,528.9,1314.0,551.2,311.4
Encode-Decode_Experiment-1-1,2387122,polar bear,encoding,19,19,97894,97946,52,1336.9,557.5,1044.6,648.6,362.2
Encode-Decode_Experiment-1-1,2387122,polar bear,encoding,19,19,98126,98164,38,1010.8,664.4,866.2,676.9,230.7
Encode-Decode_Experiment-1-1,2385851,suitcase,encoding,20,20,98500,98528,28,956.0,539.2,880.8,419.1,175.4
Encode-Decode_Experiment-1-1,2385851,suitcase,encoding,20,20,98734,98760,26,882.8,418.9,827.6,312.2,189.0
Encode-Decode_Experiment-1-1,2385851,suitcase,encoding,20,20,99070,99098,28,826.8,328.1,1085.9,283.3,292.7
Encode-Decode_Experiment-1-1,2385851,suitcase,encoding,20,20,99434,99474,40,1092.6,286.5,1130.3,359.0,180.7
Encode-Decode_Experiment-1-1,2385851,suitcase,encoding,20,20,99794,99824,30,1120.9,382.8,818.0,363.7,348.5
Encode-Decode_Experiment-1-1,2385851,suitcase,encoding,20,20,100154,100174,20,846.5,381.1,771.2,348.6,110.1
Encode-Decode_Experiment-1-1,2385851,suitcase,encoding,20,20,100454,100460,6,796.7,352.3,815.6,351.0,47.5
Encode-Decode_Experiment-1-1,2385851,suitcase,encoding,20,20,100726,100760,34,812.7,363.2,834.8,404.9,103.7
Encode-Decode_Experiment-1-1,2385851,suitcase,encoding,20,20,101034,101064,30,844.0,422.6,840.2,643.3,300.9
Encode-Decode_Experiment-1-1,2385851,suitcase,encoding,20,20,101540,101586,46,863.8,638.0,684.4,422.7,389.7
Encode-Decode_Experiment-1-1,2385851,suitcase,encoding,20,20,101832,101888,56,688.4,427.4,998.3,345.0,320.4
Encode-Decode_Experiment-1-1,2385851,suitcase,encoding,20,20,102056,102076,20,1023.3,357.1,1112.3,393.8,127.7
Encode-Decode_Experiment-1-1,2385851,suitcase,encoding,20,20,102388,102418,30,1104.7,417.5,844.3,475.1,261.0
Encode-Decode_Experiment-1-1,2385851,suitcase,encoding,20,20,102558,102574,16,816.6,497.2,756.7,504.7,84.5
Encode-Decode_Experiment-1-1,2385851,suitcase,encoding,20,20,102732,102774,42,776.3,509.0,1080.3,549.7,210.1
Encode-Decode_Experiment-1-1,2385851,suitcase,encoding,20,20,102920,102934,14,1171.9,582.5,1120.4,564.5,84.2
Encode-Decode_Experiment-1-1,2385851,suitcase,encoding,20,20,103326,103366,40,1121.1,552.7,1044.8,354.3,243.6
Encode-Decode_Experiment-1-1,2383555,boat,encoding,21,21,103676,103702,26,978.6,567.7,860.3,459.6,232.8
Encode-Decode_Experiment-1-1,2383555,boat,encoding,21,21,103936,103960,24,882.3,472.0,800.6,398.4,160.2
Encode-Decode_Experiment-1-1,2383555,boat,encoding,21,21,104084,104144,60,815.2,408.4,775.5,705.3,414.8
Encode-Decode_Experiment-1-1,2383555,boat,encoding,21,21,104274,104328,54,778.8,724.2,476.7,797.9,318.8
Encode-Decode_Experiment-1-1,2383555,boat,encoding,21,21,104646,104722,76,470.9,817.3,1272.4,665.1,439.8
Encode-Decode_Experiment-1-1,2383555,boat,encoding,21,21,105166,105192,26,1304.6,666.0,1239.6,585.8,174.5
Encode-Decode_Experiment-1-1,2383555,boat,encoding,21,21,105234,105418,184,1259.1,613.9,1246.5,620.1,721.3
Encode-Decode_Experiment-1-1,2383555,boat,encoding,21,21,105834,105892,58,1239.3,597.6,925.0,442.9,415.1
Encode-Decode_Experiment-1-1,2383555,boat,encoding,21,21,106094,106132,38,899.1,433.0,869.1,401.5,138.4
Encode-Decode_Experiment-1-1,2383555,boat,encoding,21,21,107012,107070,58,859.9,393.4,870.8,675.8,346.6
Encode-Decode_Experiment-1-1,2383555,boat,encoding,21,21,107808,107880,72,880.9,707.3,985.6,1104.7,275.2
Encode-Decode_Experiment-1-1,2383555,boat,encoding,21,21,108234,108544,310,880.9,707.3,985.6,1104.7,0.0
Encode-Decode_Experiment-1-1,2412687,dog,encoding,22,22,108914,108938,24,984.7,533.9,922.0,612.2,157.2
Encode-Decode_Experiment-1-1,2412687,dog,encoding,22,22,109282,109316,34,939.1,608.6,1033.5,554.0,207.2
Encode-Decode_Experiment-1-1,2412687,dog,encoding,22,22,109688,109708,20,1047.1,572.6,954.0,605.0,149.9
Encode-Decode_Experiment-1-1,2412687,dog,encoding,22,22,109990,110136,146,1047.1,572.6,954.0,605.0,0.0
Encode-Decode_Experiment-1-1,2412687,dog,encoding,22,22,110784,110796,12,942.4,628.3,976.2,621.3,62.8
Encode-Decode_Experiment-1-1,2412687,dog,encoding,22,22,112016,112044,28,962.2,632.4,1015.3,549.6,141.0
Encode-Decode_Experiment-1-1,2412687,dog,encoding,22,22,112442,112462,20,1017.8,562.3,1073.8,551.4,91.0
Encode-Decode_Experiment-1-1,2412687,dog,encoding,22,22,112624,112648,24,1052.4,557.5,907.0,634.5,227.9
Encode-Decode_Experiment-1-1,2412687,dog,encoding,22,22,113036,113082,46,932.9,638.1,1097.8,490.5,282.0
Encode-Decode_Experiment-1-1,2412687,dog,encoding,22,22,113318,113384,66,1086.8,501.2,1406.9,224.2,377.9
Encode-Decode_Experiment-1-1,2412687,dog,encoding,22,22,113498,113534,36,1422.5,217.0,1658.7,46.0,330.7
Encode-Decode_Experiment-1-1,2409918,elephant,encoding,23,23,113920,113926,6,953.9,535.0,953.5,524.1,39.2
Encode-Decode_Experiment-1-1,2409918,elephant,encoding,23,23,114110,114156,46,961.4,516.9,1243.3,493.7,255.0
Encode-Decode_Experiment-1-1,2409918,elephant,encoding,23,23,114356,114402,46,1229.1,505.8,1217.8,296.1,353.8
Encode-Decode_Experiment-1-1,2409918,elephant,encoding,23,23,114552,114624,72,1219.8,274.9,417.5,601.1,531.9
Encode-Decode_Experiment-1-1,2409918,elephant,encoding,23,23,114906,114912,6,394.8,617.9,413.6,610.9,52.9
Encode-Decode_Experiment-1-1,2409918,elephant,encoding,23,23,115362,115440,78,413.9,605.1,1318.8,542.6,485.5
Encode-Decode_Experiment-1-1,2409918,elephant,encoding,23,23,115566,115620,54,1360.9,550.1,1667.1,638.3,377.3
Encode-Decode_Experiment-1-1,2409918,elephant,encoding,23,23,115892,115936,44,1676.3,651.6,1725.3,767.1,279.5
Encode-Decode_Experiment-1-1,2409918,elephant,encoding,23,23,116130,116160,30,1726.1,792.8,1346.3,714.7,426.2
Encode-Decode_Experiment-1-1,2409918,elephant,encoding,23,23,116464,116530,66,1345.2,716.4,1106.0,373.4,487.0
Encode-Decode_Experiment-1-1,2409918,elephant,encoding,23,23,116700,116744,44,1096.8,352.9,1155.2,279.6,227.8
Encode-Decode_Experiment-1-1,2409918,elephant,encoding,23,23,117004,117036,32,1159.9,260.7,953.3,115.3,306.0
Encode-Decode_Experiment-1-1,2409918,elephant,encoding,23,23,117366,117426,60,966.6,143.8,537.1,136.7,373.8
Encode-Decode_Experiment-1-1,2409918,elephant,encoding,23,23,117636,117666,30,516.8,145.1,261.6,12.5,320.6
Encode-Decode_Experiment-1-1,2409918,elephant,encoding,23,23,117804,117916,112,271.4,20.6,168.2,290.7,509.4
Encode-Decode_Experiment-1-1,2409918,elephant,encoding,23,23,118588,118614,26,425.7,493.8,420.5,613.4,175.5
Encode-Decode_Experiment-1-1,2409918,elephant,encoding,23,23,118876,118926,50,421.0,596.2,392.8,744.4,282.5
Encode-Decode_Experiment-1-1,2397102,cake,encoding,24,24,119174,119208,34,975.5,537.0,935.3,366.6,194.2
Encode-Decode_Experiment-1-1,2397102,cake,encoding,24,24,119364,119408,44,948.8,382.5,1237.6,501.3,341.9
Encode-Decode_Experiment-1-1,2397102,cake,encoding,24,24,119530,119590,60,1225.2,516.7,1055.8,896.7,472.1
Encode-Decode_Experiment-1-1,2397102,cake,encoding,24,24,120102,120124,22,1052.4,943.5,1176.7,974.6,159.3
Encode-Decode_Experiment-1-1,2397102,cake,encoding,24,24,120326,120404,78,1154.2,973.5,1020.4,302.6,507.3
Encode-Decode_Experiment-1-1,2397102,cake,encoding,24,24,120552,120612,60,1032.6,283.7,874.3,723.9,613.6
Encode-Decode_Experiment-1-1,2397102,cake,encoding,24,24,120806,120846,40,878.5,779.4,861.5,883.0,271.9
Encode-Decode_Experiment-1-1,2397102,cake,encoding,24,24,120992,121024,32,862.6,899.1,892.2,941.3,132.7
Encode-Decode_Experiment-1-1,2397102,cake,encoding,24,24,121338,121408,70,896.5,948.2,682.8,284.5,616.7
Encode-Decode_Experiment-1-1,2397102,cake,encoding,24,24,121638,121724,86,676.1,256.0,1037.4,956.2,584.7
Encode-Decode_Experiment-1-1,2397102,cake,encoding,24,24,121902,121920,18,1052.5,967.5,1029.5,918.1,103.1
Encode-Decode_Experiment-1-1,2397102,cake,encoding,24,24,122356,122412,56,1036.5,937.5,604.0,258.9,550.5
Encode-Decode_Experiment-1-1,2397102,cake,encoding,24,24,122832,122882,50,601.9,257.0,560.7,427.1,232.3
Encode-Decode_Experiment-1-1,2397102,cake,encoding,24,24,123018,123082,64,559.0,441.0,1043.0,303.0,453.1
Encode-Decode_Experiment-1-1,2397102,cake,encoding,24,24,123236,123274,38,1091.4,300.7,1204.1,404.9,308.6
Encode-Decode_Experiment-1-1,2397102,cake,encoding,24,24,123674,123706,32,1221.5,426.2,1070.7,207.9,368.0
Encode-Decode_Experiment-1-1,2360001,clock,encoding,25,25,124436,124482,46,992.2,526.7,978.6,357.3,280.0
Encode-Decode_Experiment-1-1,2360001,clock,encoding,25,25,125114,125142,28,998.9,357.3,920.6,241.5,217.3
Encode-Decode_Experiment-1-1,2360001,clock,encoding,25,25,125624,125634,10,939.1,276.7,967.7,279.6,53.8
Encode-Decode_Experiment-1-1,2360001,clock,encoding,25,25,125922,125948,26,960.5,286.5,1043.4,375.4,187.9
Encode-Decode_Experiment-1-1,2360001,clock,encoding,25,25,126348,126372,24,1030.2,366.1,899.9,361.2,168.8
Encode-Decode_Experiment-1-1,2360001,clock,encoding,25,25,126660,126682,22,936.7,375.1,945.4,289.5,150.5
Encode-Decode_Experiment-1-1,2360001,clock,encoding,25,25,127014,127030,16,954.4,303.3,992.4,274.3,79.5
Encode-Decode_Experiment-1-1,2360001,clock,encoding,25,25,127474,127662,188,954.4,303.3,992.4,274.3,0.0
Encode-Decode_Experiment-1-1,2360001,clock,encoding,25,25,128132,128184,52,722.5,432.8,832.6,629.3,347.3
Encode-Decode_Experiment-1-1,2360001,clock,encoding,25,25,128476,128538,62,850.7,656.0,1025.4,409.8,372.4
Encode-Decode_Experiment-1-1,2360001,clock,encoding,25,25,128806,128816,10,1038.4,398.2,1018.5,389.3,41.0
Encode-Decode_Experiment-1-1,2360001,clock,encoding,25,25,129202,129230,28,1025.5,373.8,783.8,308.9,280.6
Encode-Decode_Experiment-1-1,2410309,laptop,encoding,26,26,129514,129538,24,979.1,521.0,1103.5,517.4,147.2
Encode-Decode_Experiment-1-1,2410309,laptop,encoding,26,26,129650,129698,48,1072.9,523.1,588.4,541.9,345.5
Encode-Decode_Experiment-1-1,2410309,laptop,encoding,26,26,129880,129900,20,603.5,559.4,493.1,568.5,150.8
Encode-Decode_Experiment-1-1,2410309,laptop,encoding,26,26,130054,130120,66,512.9,576.9,1096.8,859.6,525.3
Encode-Decode_Experiment-1-1,2410309,laptop,encoding,26,26,130326,130386,60,1121.9,881.1,1477.4,845.5,279.0
Encode-Decode_Experiment-1-1,2410309,laptop,encoding,26,26,130522,130578,56,1508.1,844.6,1155.9,932.1,369.1
Encode-Decode_Experiment-1-1,2410309,laptop,encoding,26,26,130958,130980,22,1123.6,943.7,1004.1,933.2,159.4
Encode-Decode_Experiment-1-1,2410309,laptop,encoding,26,26,131312,131362,50,1037.2,943.0,1316.6,599.0,427.8
Encode-Decode_Experiment-1-1,2410309,laptop,encoding,26,26,131628,131660,32,1311.1,594.8,1358.5,601.5,142.1
Encode-Decode_Experiment-1-1,2410309,laptop,encoding,26,26,131802,131846,44,1375.5,607.1,1745.3,672.4,324.7
Encode-Decode_Experiment-1-1,2410309,laptop,encoding,26,26,131996,132076,80,1743.7,673.6,612.7,282.0,567.5
Encode-Decode_Experiment-1-1,2410309,laptop,encoding,26,26,132242,132266,24,583.2,279.1,535.0,226.0,138.3
Encode-Decode_Experiment-1-1,2410309,laptop,encoding,26,26,132582,132640,58,545.0,233.2,1263.7,582.6,489.9
Encode-Decode_Experiment-1-1,2410309,laptop,encoding,26,26,132868,132884,16,1304.7,586.2,1357.2,591.4,71.2
Encode-Decode_Experiment-1-1,2410309,laptop,encoding,26,26,133198,133246,48,1339.7,601.1,1582.0,769.1,280.6
Encode-Decode_Experiment-1-1,2410309,laptop,encoding,26,26,133428,133454,26,1582.6,771.4,1788.2,736.8,225.4
Encode-Decode_Experiment-1-1,2410309,laptop,encoding,26,26,133634,133646,12,1815.0,736.1,1856.5,733.2,63.6
Encode-Decode_Experiment-1-1,2410309,laptop,encoding,26,26,133836,133864,28,1841.7,735.2,1776.3,881.7,226.0
Encode-Decode_Experiment-1-1,2410309,laptop,encoding,26,26,134054,134140,86,1779.1,874.4,561.1,595.5,527.7
Encode-Decode_Experiment-1-1,2410309,laptop,encoding,26,26,134254,134276,22,530.0,591.8,420.3,568.6,153.5
Encode-Decode_Experiment-1-1,2370664,donuts,encoding,27,27,134708,134734,26,977.1,563.2,1028.3,464.5,191.6
Encode-Decode_Experiment-1-1,2370664,donuts,encoding,27,27,134990,135040,50,1024.2,498.9,1295.1,564.5,193.5
Encode-Decode_Experiment-1-1,2370664,donuts,encoding,27,27,135188,135216,28,1272.6,567.4,1088.3,555.1,213.8
Encode-Decode_Experiment-1-1,2370664,donuts,encoding,27,27,135480,135508,28,1120.7,557.5,914.0,513.9,201.6
Encode-Decode_Experiment-1-1,2370664,donuts,encoding,27,27,135644,135698,54,892.3,536.4,659.1,632.1,293.1
Encode-Decode_Experiment-1-1,2370664,donuts,encoding,27,27,136048,136120,72,643.4,652.1,1533.7,591.2,457.2
Encode-Decode_Experiment-1-1,2370664,donuts,encoding,27,27,136364,136394,30,1577.3,603.6,1526.0,627.5,142.9
Encode-Decode_Experiment-1-1,2370664,donuts,encoding,27,27,136578,136610,32,1515.3,632.2,1172.4,520.4,372.2
Encode-Decode_Experiment-1-1,2370664,donuts,encoding,27,27,136822,136854,32,1150.8,512.2,1100.8,427.4,208.7
Encode-Decode_Experiment-1-1,2370664,donuts,encoding,27,27,137030,137050,20,1091.1,430.9,1015.7,407.1,115.1
Encode-Decode_Experiment-1-1,2370664,donuts,encoding,27,27,137514,137538,24,1036.3,421.3,1118.0,519.0,177.8
Encode-Decode_Experiment-1-1,2370664,donuts,encoding,27,27,137990,138180,190,1146.5,529.3,1549.5,590.0,480.1
Encode-Decode_Experiment-1-1,2370664,donuts,encoding,27,27,138798,138814,16,1510.8,561.5,1517.0,520.3,69.2
Encode-Decode_Experiment-1-1,2370664,donuts,encoding,27,27,139208,139238,30,1507.1,528.0,1594.5,531.9,169.3
Encode-Decode_Experiment-1-1,2370664,donuts,encoding,27,27,139434,139446,12,1614.9,533.2,1656.0,528.6,68.8
Encode-Decode_Experiment-1-1,2379478,baby-milk,encoding,28,28,139864,139888,24,972.6,529.8,1112.8,494.9,163.5
Encode-Decode_Experiment-1-1,2379478,baby-milk,encoding,28,28,140044,140068,24,1108.7,490.5,1003.3,415.5,171.8
Encode-Decode_Experiment-1-1,2379478,baby-milk,encoding,28,28,140238,140266,28,998.4,415.2,881.7,299.2,225.9
Encode-Decode_Experiment-1-1,2379478,baby-milk,encoding,28,28,140470,140494,24,874.4,314.3,1021.4,269.9,202.0
Encode-Decode_Experiment-1-1,2379478,baby-milk,encoding,28,28,140914,140968,54,988.4,286.2,1260.5,487.5,314.4
Encode-Decode_Experiment-1-1,2379478,baby-milk,encoding,28,28,141302,141512,210,1215.0,481.2,1007.2,442.8,558.0
Encode-Decode_Experiment-1-1,2379478,baby-milk,encoding,28,28,141924,141930,6,971.8,436.8,958.3,442.5,39.6
Encode-Decode_Experiment-1-1,2379478,baby-milk,encoding,28,28,142098,142104,6,953.0,445.6,940.4,446.5,37.5
Encode-Decode_Experiment-1-1,2379478,baby-milk,encoding,28,28,142338,142364,26,941.2,443.8,819.8,309.9,220.2
Encode-Decode_Experiment-1-1,2379478,baby-milk,encoding,28,28,143174,143200,26,831.2,288.8,993.1,300.2,196.4
Encode-Decode_Experiment-1-1,2379478,baby-milk,encoding,28,28,143478,143494,16,962.5,304.9,1019.1,283.9,92.1
Encode-Decode_Experiment-1-1,2379478,baby-milk,encoding,28,28,144026,144050,24,1007.5,305.9,974.6,429.3,183.5
Encode-Decode_Experiment-1-1,2379478,baby-milk,encoding,28,28,144332,144746,414,993.3,425.4,236.1,-79.3,584.9
Encode-Decode_Experiment-1-1,2371471,motorcycle,encoding,29,29,144978,144994,16,967.0,525.9,937.3,473.5,100.6
Encode-Decode_Experiment-1-1,2371471,motorcycle,encoding,29,29,145164,145190,26,950.0,464.2,803.4,378.7,207.8
Encode-Decode_Experiment-1-1,2371471,motorcycle,encoding,29,29,145468,145532,64,797.6,374.3,1211.9,417.8,339.8
Encode-Decode_Experiment-1-1,2371471,motorcycle,encoding,29,29,146020,146050,30,1235.2,452.8,1268.6,540.3,148.3
Encode-Decode_Experiment-1-1,2371471,motorcycle,encoding,29,29,146442,146458,16,1266.3,539.0,1214.5,527.9,80.8
Encode-Decode_Experiment-1-1,2371471,motorcycle,encoding,29,29,146664,146722,58,1230.1,539.9,1285.4,880.2,352.3
Encode-Decode_Experiment-1-1,2371471,motorcycle,encoding,29,29,146998,147040,42,1299.0,913.7,1106.5,931.7,162.1
Encode-Decode_Experiment-1-1,2371471,motorcycle,encoding,29,29,147292,147360,68,1123.8,934.2,837.9,346.1,428.5
Encode-Decode_Experiment-1-1,2371471,motorcycle,encoding,29,29,147510,147532,22,841.4,309.2,723.6,290.6,154.7
Encode-Decode_Experiment-1-1,2371471,motorcycle,encoding,29,29,147660,147718,58,744.7,289.2,1187.5,355.6,418.1
Encode-Decode_Experiment-1-1,2371471,motorcycle,encoding,29,29,148096,148118,22,1216.0,368.1,1115.3,324.6,148.2
Encode-Decode_Experiment-1-1,2371471,motorcycle,encoding,29,29,148272,148332,60,1141.2,339.0,720.1,294.1,365.5
Encode-Decode_Experiment-1-1,2371471,motorcycle,encoding,29,29,148792,148866,74,699.8,297.5,1214.5,1090.4,522.2
Encode-Decode_Experiment-1-1,2371471,motorcycle,encoding,29,29,149308,149364,56,1173.3,987.7,1430.5,933.4,224.7
Encode-Decode_Experiment-1-1,2371471,motorcycle,encoding,29,29,149734,149776,42,1448.5,930.1,1263.2,957.1,180.6
Encode-Decode_Experiment-1-1,2362704,bears,encoding,30,30,150210,150236,26,995.4,517.6,870.9,495.8,147.8
Encode-Decode_Experiment-1-1,2362704,bears,encoding,30,30,150402,150422,20,894.9,501.2,845.8,433.0,129.1
Encode-Decode_Experiment-1-1,2362704,bears,encoding,30,30,150596,150610,14,858.7,446.5,818.6,420.3,81.7
Encode-Decode_Experiment-1-1,2362704,bears,encoding,30,30,150924,150980,56,820.3,430.7,909.7,695.2,393.4
Encode-Decode_Experiment-1-1,2362704,bears,encoding,30,30,151256,151292,36,914.3,720.1,969.6,795.0,195.9
Encode-Decode_Experiment-1-1,2362704,bears,encoding,30,30,151588,151610,22,976.5,803.5,940.5,735.6,112.6
Encode-Decode_Experiment-1-1,2362704,bears,encoding,30,30,151972,151988,16,942.8,750.7,881.1,729.0,97.1
Encode-Decode_Experiment-1-1,2362704,bears,encoding,30,30,152178,152200,22,900.8,731.2,1073.0,760.0,225.9
Encode-Decode_Experiment-1-1,2362704,bears,encoding,30,30,152446,152468,22,1084.4,768.8,1106.1,851.8,162.9
Encode-Decode_Experiment-1-1,2362704,bears,encoding,30,30,152674,152694,20,1100.1,836.3,998.7,845.1,133.1
Encode-Decode_Experiment-1-1,2362704,bears,encoding,30,30,152928,152942,14,1020.1,844.9,972.4,861.1,76.3
Encode-Decode_Experiment-1-1,2362704,bears,encoding,30,30,153118,153176,58,983.7,865.8,1265.1,739.2,308.8
Encode-Decode_Experiment-1-1,2362704,bears,encoding,30,30,153488,153532,44,1286.2,733.3,936.4,700.4,304.0
Encode-Decode_Experiment-1-1,2362704,bears,encoding,30,30,153862,153902,40,937.0,710.4,847.1,415.3,394.8
Encode-Decode_Experiment-1-1,2362704,bears,encoding,30,30,154076,154084,8,838.4,420.1,814.7,413.7,51.7
Encode-Decode_Experiment-1-1,2362704,bears,encoding,30,30,154500,154542,42,806.1,414.1,895.9,709.8,360.6
Encode-Decode_Experiment-1-1,2362704,bears,encoding,30,30,154840,154856,16,895.1,709.0,897.9,755.5,83.4
Encode-Decode_Experiment-1-1,2362704,bears,encoding,30,30,155036,155076,40,908.0,750.8,941.1,768.5,86.8
Encode-Decode_Experiment-1-1,2356125,airport,decoding,1,31,155502,155522,20,952.8,511.8,883.8,463.0,129.3
Encode-Decode_Experiment-1-1,2356125,airport,decoding,1,31,155916,155936,20,903.1,492.9,838.8,462.7,114.7
Encode-Decode_Experiment-1-1,2356125,airport,decoding,1,31,156624,156634,10,860.5,470.8,836.0,466.4,44.7
Encode-Decode_Experiment-1-1,2356125,airport,decoding,1,31,156776,157046,270,831.9,491.5,1054.2,390.0,398.5
Encode-Decode_Experiment-1-1,2356125,airport,decoding,1,31,157508,157536,28,1065.0,379.6,836.0,427.4,283.6
Encode-Decode_Experiment-1-1,2356125,airport,decoding,1,31,157768,157788,20,843.3,433.2,915.6,387.6,122.3
Encode-Decode_Experiment-1-1,2356125,airport,decoding,1,31,158118,158172,54,899.2,390.2,249.4,235.3,378.6
Encode-Decode_Experiment-1-1,2356125,airport,decoding,1,31,158688,158712,24,247.8,233.5,74.3,231.1,186.8
Encode-Decode_Experiment-1-1,2356125,airport,decoding,1,31,159056,159548,492,70.3,213.0,1131.2,453.0,437.3
Encode-Decode_Experiment-1-1,2356125,airport,decoding,1,31,159840,159892,52,1198.4,486.5,899.7,495.7,344.9
Encode-Decode_Experiment-1-1,2356125,airport,decoding,1,31,160040,160058,18,868.2,506.1,832.6,523.2,88.0
Encode-Decode_Experiment-1-1,2356125,airport,decoding,1,31,160766,160792,26,833.8,526.8,891.0,338.8,275.5
Encode-Decode_Experiment-1-1,2356125,airport,decoding,1,31,161426,161476,50,894.1,322.8,735.2,129.4,304.5
Encode-Decode_Experiment-1-1,2356125,airport,decoding,1,31,161718,161846,128,894.1,322.8,735.2,129.4,0.0
Encode-Decode_Experiment-1-1,2347400,wine,decoding,2,32,162428,162492,64,260.5,411.7,869.9,511.3,434.3
Encode-Decode_Experiment-1-1,2347400,wine,decoding,2,32,162692,162726,34,927.6,523.9,858.8,512.2,170.4
Encode-Decode_Experiment-1-1,2347400,wine,decoding,2,32,163238,163254,16,836.8,511.7,822.7,531.7,63.7
Encode-Decode_Experiment-1-1,2347400,wine,decoding,2,32,164388,164414,26,843.3,537.7,897.0,418.8,164.7
Encode-Decode_Experiment-1-1,2347400,wine,decoding,2,32,166446,166592,146,996.0,396.7,996.0,393.7,134.5
Encode-Decode_Experiment-1-1,2347400,wine,decoding,2,32,166824,166856,32,987.0,387.9,927.1,414.2,137.5
Encode-Decode_Experiment-1-1,2347400,wine,decoding,2,32,167998,168124,126,927.1,429.7,929.9,432.6,49.5
Encode-Decode_Experiment-1-1,2347400,wine,decoding,2,32,168364,168384,20,836.9,376.9,922.3,390.8,127.0
Encode-Decode_Experiment-1-1,2347400,wine,decoding,2,32,168776,168794,18,910.3,394.5,967.7,378.8,90.2
Encode-Decode_Experiment-1-1,2347400,wine,decoding,2,32,168996,169014,18,980.0,362.2,914.1,389.2,107.8
Encode-Decode_Experiment-1-1,2367132,video game,decoding,3,33,169346,169422,76,1027.1,577.7,-373.5,329.5,680.4
Encode-Decode_Experiment-1-1,2367132,video game,decoding,3,33,172788,172820,32,1012.2,457.8,943.5,421.7,156.0
Encode-Decode_Experiment-1-1,2367132,video game,decoding,3,33,172968,172984,16,936.0,433.0,903.5,410.7,66.9
Encode-Decode_Experiment-1-1,2367132,video game,decoding,3,33,173168,173180,12,913.3,411.2,893.5,400.7,52.3
Encode-Decode_Experiment-1-1,2367132,video game,decoding,3,33,173674,173956,282,938.7,422.5,921.2,377.4,599.9
Encode-Decode_Experiment-1-1,2367132,video game,decoding,3,33,174252,174260,8,915.7,378.9,895.6,384.8,46.8
Encode-Decode_Experiment-1-1,2367132,video game,decoding,3,33,174490,175380,890,895.0,385.5,906.5,337.7,735.7
Encode-Decode_Experiment-1-1,2367132,video game,decoding,3,33,175520,175804,284,964.2,357.0,973.0,481.8,769.9
Encode-Decode_Experiment-1-1,2367132,video game,decoding,3,33,176092,176226,134,959.5,449.1,100000000.0,100000000.0,731.9
Encode-Decode_Experiment-1-1,2371471,motorcycle,decoding,4,34,177032,178834,1802,427.5,279.6,-114.6,142.4,544.7
Encode-Decode_Experiment-1-1,2371471,motorcycle,decoding,4,34,178882,178906,24,1409.1,117.1,1362.7,179.6,95.9
Encode-Decode_Experiment-1-1,2371471,motorcycle,decoding,4,34,178964,179088,124,1387.2,178.9,1435.5,367.9,102.4
Encode-Decode_Experiment-1-1,2371471,motorcycle,decoding,4,34,179120,182010,2890,1443.3,387.3,1443.5,389.5,18.6
Encode-Decode_Experiment-1-1,2371471,motorcycle,decoding,4,34,182348,182384,36,848.9,325.1,915.1,411.4,192.4
Encode-Decode_Experiment-1-1,2371471,motorcycle,decoding,4,34,182536,182544,8,929.7,419.1,905.4,422.6,52.4
Encode-Decode_Experiment-1-1,2371471,motorcycle,decoding,4,34,183046,183268,222,907.7,428.1,1050.2,-116.8,502.9
Encode-Decode_Experiment-1-1,2411268,apple,decoding,5,35,183694,183706,12,983.9,507.7,944.0,510.8,67.2
Encode-Decode_Experiment-1-1,2411268,apple,decoding,5,35,184070,184088,18,944.6,507.3,865.2,490.9,102.2
Encode-Decode_Experiment-1-1,2411268,apple,decoding,5,35,184306,184312,6,855.7,497.5,835.3,501.5,54.1
Encode-Decode_Experiment-1-1,2411268,apple,decoding,5,35,184734,184740,6,835.2,507.4,850.2,509.8,43.0
Encode-Decode_Experiment-1-1,2411268,apple,decoding,5,35,185902,185930,28,845.2,529.5,878.8,391.6,209.4
Encode-Decode_Experiment-1-1,2411268,apple,decoding,5,35,186056,186190,134,845.2,529.5,878.8,391.6,0.0
Encode-Decode_Experiment-1-1,2411268,apple,decoding,5,35,186418,186422,4,908.1,368.1,897.4,371.1,40.3
Encode-Decode_Experiment-1-1,2411268,apple,decoding,5,35,187002,187258,256,920.9,407.4,948.5,425.2,75.4
Encode-Decode_Experiment-1-1,2411268,apple,decoding,5,35,187638,187660,22,957.3,466.2,835.3,498.8,176.5
Encode-Decode_Experiment-1-1,2411268,apple,decoding,5,35,188834,188858,24,844.2,513.4,886.9,446.0,128.4
Encode-Decode_Experiment-1-1,2411268,apple,decoding,5,35,189018,189038,20,886.2,457.8,910.0,389.6,128.5
Encode-Decode_Experiment-1-1,2385550,tangerines,decoding,6,36,191622,191862,240,994.6,534.6,982.7,805.4,126.3
Encode-Decode_Experiment-1-1,2385550,tangerines,decoding,6,36,192036,192080,44,969.5,808.4,789.1,1046.6,255.9
Encode-Decode_Experiment-1-1,2385550,tangerines,decoding,6,36,192198,192478,280,825.4,1056.9,857.2,1069.4,51.4
Encode-Decode_Experiment-1-1,2385550,tangerines,decoding,6,36,193622,193670,48,1121.3,734.0,1434.6,819.9,306.8
Encode-Decode_Experiment-1-1,2385550,tangerines,decoding,6,36,195618,195636,18,1404.7,820.6,1306.7,837.4,123.4
Encode-Decode_Experiment-1-1,2385550,tangerines,decoding,6,36,195890,195896,6,1307.5,847.6,1291.0,846.1,42.7
Encode-Decode_Experiment-1-1,2397102,cake,decoding,7,37,197758,197782,24,977.2,589.1,850.2,523.3,192.3
Encode-Decode_Experiment-1-1,2397102,cake,decoding,7,37,197968,197976,8,869.4,530.5,839.1,530.5,62.4
Encode-Decode_Experiment-1-1,2397102,cake,decoding,7,37,199068,199108,40,844.3,528.6,923.5,353.5,170.7
Encode-Decode_Experiment-1-1,2397102,cake,decoding,7,37,201438,201452,14,909.0,408.1,882.0,391.0,54.3
Encode-Decode_Experiment-1-1,2397102,cake,decoding,7,37,202936,203138,202,923.0,426.2,966.3,454.4,69.0
Encode-Decode_Experiment-1-1,2397102,cake,decoding,7,37,203336,203348,12,936.9,460.6,895.6,450.1,71.3
Encode-Decode_Experiment-1-1,2397102,cake,decoding,7,37,203514,203524,10,900.4,437.7,907.1,411.1,63.4
Encode-Decode_Experiment-1-1,2397102,cake,decoding,7,37,204390,204398,8,905.1,412.2,901.6,396.7,44.2
Encode-Decode_Experiment-1-1,2386442,teeth,decoding,8,38,204884,204908,24,950.5,511.1,836.0,487.5,148.8
Encode-Decode_Experiment-1-1,2386442,teeth,decoding,8,38,205106,205114,8,862.8,507.1,839.9,512.5,49.1
Encode-Decode_Experiment-1-1,2386442,teeth,decoding,8,38,205506,205530,24,843.6,526.2,898.0,386.6,259.9
Encode-Decode_Experiment-1-1,2386442,teeth,decoding,8,38,208814,208820,6,914.4,400.4,921.0,389.5,44.2
Encode-Decode_Experiment-1-1,2350974,drink,decoding,9,39,212166,212182,16,982.0,522.8,921.9,500.6,93.7
Encode-Decode_Experiment-1-1,2350974,drink,decoding,9,39,212430,212438,8,932.3,502.3,953.4,489.4,58.8
Encode-Decode_Experiment-1-1,2350974,drink,decoding,9,39,212632,212714,82,945.2,484.9,-186.8,268.3,462.4
Encode-Decode_Experiment-1-1,2350974,drink,decoding,9,39,215060,215076,16,956.6,377.6,906.3,397.0,79.8
Encode-Decode_Experiment-1-1,2350974,drink,decoding,9,39,215270,215334,64,921.1,392.5,1771.9,-169.8,508.3
Encode-Decode_Experiment-1-1,2350974,drink,decoding,9,39,215870,216034,164,1308.1,228.7,893.2,613.2,670.8
Encode-Decode_Experiment-1-1,2350974,drink,decoding,9,39,216276,216298,22,892.6,594.1,819.8,529.8,151.9
Encode-Decode_Experiment-1-1,2350974,drink,decoding,9,39,216480,216486,6,834.2,542.0,835.7,528.7,45.4
Encode-Decode_Experiment-1-1,2350974,drink,decoding,9,39,216676,217170,494,841.4,525.0,981.2,755.1,607.0
Encode-Decode_Experiment-1-1,2350974,drink,decoding,9,39,217428,217470,42,999.6,722.5,1002.4,536.8,355.9
Encode-Decode_Experiment-1-1,2350974,drink,decoding,9,39,218250,218272,22,1004.6,519.0,870.2,506.9,165.5
Encode-Decode_Experiment-1-1,2350974,drink,decoding,9,39,218468,218478,10,877.3,504.0,845.5,506.9,56.3
Encode-Decode_Experiment-1-1,2383555,boat,decoding,10,40,219740,219752,12,1784.7,210.8,1781.0,179.6,64.4
Encode-Decode_Experiment-1-1,2383555,boat,decoding,10,40,220816,220826,10,1783.3,156.0,1810.0,137.4,64.4
Encode-Decode_Experiment-1-1,2383555,boat,decoding,10,40,222134,222324,190,1792.7,127.3,1329.1,380.2,417.4
Encode-Decode_Experiment-1-1,2383555,boat,decoding,10,40,222854,222880,26,637.0,634.2,775.5,546.6,201.6
Encode-Decode_Experiment-1-1,2383555,boat,decoding,10,40,223048,223062,14,782.3,550.9,828.8,530.3,80.6
Encode-Decode_Experiment-1-1,2383555,boat,decoding,10,40,223310,223362,52,827.2,532.8,1404.1,702.7,380.3
Encode-Decode_Experiment-1-1,2383555,boat,decoding,10,40,223672,223696,24,1424.4,695.6,1267.8,797.1,235.2
Encode-Decode_Experiment-1-1,2383555,boat,decoding,10,40,223944,224010,66,1254.8,806.4,339.7,818.0,456.3
Encode-Decode_Experiment-1-1,2383555,boat,decoding,10,40,224686,224700,14,368.5,815.3,395.1,780.0,76.1
Encode-Decode_Experiment-1-1,2383555,boat,decoding,10,40,225046,225106,60,393.7,785.4,802.6,540.9,424.6
Encode-Decode_Experiment-1-1,2383555,boat,decoding,10,40,225280,225286,6,843.3,526.3,859.5,521.8,46.1
Encode-Decode_Experiment-1-1,2356991,baseball,decoding,11,41,225722,226400,678,969.4,514.3,674.8,327.4,614.0
Encode-Decode_Experiment-1-1,2356991,baseball,decoding,11,41,226700,226736,36,737.5,359.7,909.5,389.2,303.3
Encode-Decode_Experiment-1-1,2356991,baseball,decoding,11,41,227410,227414,4,918.3,403.3,917.9,397.3,36.4
Encode-Decode_Experiment-1-1,2356991,baseball,decoding,11,41,228550,228568,18,926.3,387.9,872.6,372.6,83.9
Encode-Decode_Experiment-1-1,2356991,baseball,decoding,11,41,228752,228772,20,897.4,371.2,946.5,379.6,85.2
Encode-Decode_Experiment-1-1,2356991,baseball,decoding,11,41,229224,229242,18,906.3,381.9,940.4,395.5,62.1
Encode-Decode_Experiment-1-1,2356991,baseball,decoding,11,41,229412,229418,6,918.1,396.1,901.6,397.2,44.6
Encode-Decode_Experiment-1-1,2356991,baseball,decoding,11,41,229684,229690,6,907.9,393.0,894.2,384.3,46.5
Encode-Decode_Experiment-1-1,2356991,baseball,decoding,11,41,230612,230616,4,915.6,386.9,903.8,388.7,39.7
Encode-Decode_Experiment-1-1,2387122,polar bear,decoding,12,42,232982,233002,20,1024.6,533.5,973.7,473.4,114.4
Encode-Decode_Experiment-1-1,2387122,polar bear,decoding,12,42,233308,233326,18,979.8,476.9,916.4,443.7,95.2
Encode-Decode_Experiment-1-1,2387122,polar bear,decoding,12,42,233512,233680,168,976.6,474.1,918.5,437.1,206.0
Encode-Decode_Experiment-1-1,2387122,polar bear,decoding,12,42,234038,234046,8,911.0,402.9,916.9,386.4,47.3
Encode-Decode_Experiment-1-1,2387122,polar bear,decoding,12,42,234416,234660,244,944.7,419.3,971.1,421.6,479.5
Encode-Decode_Experiment-1-1,2387122,polar bear,decoding,12,42,234934,234950,16,959.2,406.9,903.9,397.3,76.7
Encode-Decode_Experiment-1-1,2387122,polar bear,decoding,12,42,235406,235484,78,904.7,403.0,1114.9,1608.2,632.8
Encode-Decode_Experiment-1-1,2387122,polar bear,decoding,12,42,236770,237000,230,1058.6,401.6,908.0,444.5,817.2
Encode-Decode_Experiment-1-1,2387122,polar bear,decoding,12,42,237608,237626,18,892.4,439.6,832.4,469.8,105.6
Encode-Decode_Experiment-1-1,2387122,polar bear,decoding,12,42,238706,238736,30,846.9,482.0,897.0,405.5,165.1
Encode-Decode_Experiment-1-1,2387122,polar bear,decoding,12,42,238964,238974,10,918.7,402.4,927.8,379.3,57.2
Encode-Decode_Experiment-1-1,2344622,cat,decoding,13,43,239790,239802,12,998.1,524.4,1037.3,516.3,66.2
Encode-Decode_Experiment-1-1,2344622,cat,decoding,13,43,239898,240094,196,1066.8,542.1,1028.4,493.7,129.9
Encode-Decode_Experiment-1-1,2344622,cat,decoding,13,43,240200,240494,294,1039.0,506.6,1090.8,667.9,765.9
Encode-Decode_Experiment-1-1,2344622,cat,decoding,13,43,240998,241024,26,1026.2,582.7,833.3,534.7,216.3
Encode-Decode_Experiment-1-1,2344622,cat,decoding,13,43,241220,241228,8,832.3,526.4,855.4,515.9,56.0
Encode-Decode_Experiment-1-1,2344622,cat,decoding,13,43,242198,242288,90,850.0,515.9,-671.0,471.0,802.0
Encode-Decode_Experiment-1-1,2344622,cat,decoding,13,43,242850,242872,22,911.9,476.2,840.3,489.9,119.6
Encode-Decode_Experiment-1-1,2344622,cat,decoding,13,43,245632,245646,14,850.2,516.4,888.7,482.6,82.3
Encode-Decode_Experiment-1-1,2344622,cat,decoding,13,43,245964,245970,6,877.3,487.4,859.5,490.7,49.5
Encode-Decode_Experiment-1-1,2360001,clock,decoding,14,44,247176,247196,20,990.0,536.1,1026.7,478.6,89.0
Encode-Decode_Experiment-1-1,2360001,clock,decoding,14,44,247464,248152,688,1025.9,468.2,2233.1,332.7,609.3
Encode-Decode_Experiment-1-1,2360001,clock,decoding,14,44,248602,249134,532,1744.4,176.5,783.3,498.5,672.3
Encode-Decode_Experiment-1-1,2360001,clock,decoding,14,44,249206,249392,186,845.0,501.7,912.4,501.2,142.1
Encode-Decode_Experiment-1-1,2360001,clock,decoding,14,44,249726,249740,14,903.7,562.5,868.5,531.8,70.4
Encode-Decode_Experiment-1-1,2360001,clock,decoding,14,44,249902,249908,6,866.2,535.7,846.7,530.6,50.9
Encode-Decode_Experiment-1-1,2349475,blender,decoding,15,45,254234,254252,18,1023.4,528.9,925.2,530.0,129.4
Encode-Decode_Experiment-1-1,2349475,blender,decoding,15,45,254466,254482,16,911.7,523.5,846.6,519.5,97.2
Encode-Decode_Experiment-1-1,2349475,blender,decoding,15,45,254994,255000,6,850.2,525.3,835.7,527.1,39.2
Encode-Decode_Experiment-1-1,2349475,blender,decoding,15,45,256180,256348,168,850.2,525.3,835.7,527.1,0.0
Encode-Decode_Experiment-1-1,2349475,blender,decoding,15,45,258114,258266,152,850.2,525.3,835.7,527.1,0.0
Encode-Decode_Experiment-1-1,2374670,spray-vehicle,decoding,16,46,261294,261318,24,1017.7,556.7,880.9,531.0,170.4
Encode-Decode_Experiment-1-1,2374670,spray-vehicle,decoding,16,46,261496,261510,14,896.4,544.9,855.1,535.7,61.9
Encode-Decode_Experiment-1-1,2374670,spray-vehicle,decoding,16,46,261970,262122,152,896.4,544.9,855.1,535.7,0.0
Encode-Decode_Experiment-1-1,2374670,spray-vehicle,decoding,16,46,263272,263280,8,862.9,539.4,869.8,519.6,55.5
Encode-Decode_Experiment-1-1,2374670,spray-vehicle,decoding,16,46,263560,263564,4,863.3,531.6,854.3,535.6,41.1
Encode-Decode_Experiment-1-1,2374670,spray-vehicle,decoding,16,46,263946,263950,4,868.9,550.5,879.9,549.0,41.0
Encode-Decode_Experiment-1-1,2374670,spray-vehicle,decoding,16,46,264150,264154,4,868.9,553.6,859.2,551.5,39.2
Encode-Decode_Experiment-1-1,2374670,spray-vehicle,decoding,16,46,265454,265460,6,872.0,541.6,856.2,534.6,46.3
Encode-Decode_Experiment-1-1,2374670,spray-vehicle,decoding,16,46,266982,267002,20,861.2,549.1,886.0,534.3,66.6
Encode-Decode_Experiment-1-1,2374670,spray-vehicle,decoding,16,46,267186,267192,6,870.8,539.0,855.0,542.6,45.0
Encode-Decode_Experiment-1-1,2374670,spray-vehicle,decoding,16,46,267644,267932,288,858.8,573.6,-1235.9,1397.4,3235.0
Encode-Decode_Experiment-1-1,150472,pizza,decoding,17,47,268514,268540,26,1023.8,539.9,854.2,509.3,234.8
Encode-Decode_Experiment-1-1,150472,pizza,decoding,17,47,268726,268738,12,873.3,520.8,834.9,515.8,66.7
Encode-Decode_Experiment-1-1,150472,pizza,decoding,17,47,269544,269564,20,853.6,518.4,881.6,464.9,102.6
Encode-Decode_Experiment-1-1,150472,pizza,decoding,17,47,269858,269876,18,885.9,463.7,923.5,405.4,119.1
Encode-Decode_Experiment-1-1,150472,pizza,decoding,17,47,270040,270050,10,915.5,413.6,934.2,396.6,51.4
Encode-Decode_Experiment-1-1,150472,pizza,decoding,17,47,270908,270928,20,920.3,403.4,861.0,483.5,166.0
Encode-Decode_Experiment-1-1,150472,pizza,decoding,17,47,271142,271150,8,864.9,489.6,851.9,504.4,48.5
Encode-Decode_Experiment-1-1,150472,pizza,decoding,17,47,271772,271994,222,864.9,489.6,851.9,504.4,0.0
Encode-Decode_Experiment-1-1,150472,pizza,decoding,17,47,272270,272292,22,915.6,565.5,839.5,512.1,141.5
Encode-Decode_Experiment-1-1,150472,pizza,decoding,17,47,273244,273250,6,854.2,514.8,865.6,507.4,45.9
Encode-Decode_Experiment-1-1,150472,pizza,decoding,17,47,274558,274590,32,851.9,505.5,897.0,401.8,196.5
Encode-Decode_Experiment-1-1,150472,pizza,decoding,17,47,274780,274792,12,910.6,410.0,943.5,387.2,73.0
Encode-Decode_Experiment-1-1,150472,pizza,decoding,17,47,274864,274978,114,956.8,403.0,100000000.0,100000000.0,73.3
Encode-Decode_Experiment-1-1,2412687,dog,decoding,18,48,277096,277116,20,926.4,589.8,846.9,559.9,117.6
Encode-Decode_Experiment-1-1,2412687,dog,decoding,18,48,277258,277270,12,858.8,550.4,840.7,520.5,69.2
Encode-Decode_Experiment-1-1,2412687,dog,decoding,18,48,279036,279040,4,855.3,512.8,866.3,508.3,44.2
Encode-Decode_Experiment-1-1,2412687,dog,decoding,18,48,279300,279376,76,862.5,510.3,1667.0,224.2,350.8
Encode-Decode_Experiment-1-1,2412687,dog,decoding,18,48,279532,279562,30,1691.4,232.8,1780.4,166.1,200.4
Encode-Decode_Experiment-1-1,2412687,dog,decoding,18,48,279992,280012,20,1787.5,171.7,1818.0,145.9,89.4
Encode-Decode_Experiment-1-1,2412687,dog,decoding,18,48,280568,280580,12,1803.9,152.6,1763.0,159.4,68.4
Encode-Decode_Experiment-1-1,2412687,dog,decoding,18,48,281110,281116,6,1773.1,159.4,1788.1,153.7,41.2
Encode-Decode_Experiment-1-1,2412687,dog,decoding,18,48,281864,281876,12,1763.4,156.4,1759.0,127.8,57.0
Encode-Decode_Experiment-1-1,2369373,chef,decoding,19,49,282394,282418,24,1004.3,548.4,846.0,528.1,227.9
Encode-Decode_Experiment-1-1,2369373,chef,decoding,19,49,282586,282592,6,859.0,532.7,843.4,534.6,43.8
Encode-Decode_Experiment-1-1,2369373,chef,decoding,19,49,283328,283484,156,859.0,532.7,843.4,534.6,0.0
Encode-Decode_Experiment-1-1,2369373,chef,decoding,19,49,283662,283678,16,890.4,538.1,838.4,544.4,75.9
Encode-Decode_Experiment-1-1,2369373,chef,decoding,19,49,284114,285530,1416,842.4,530.6,716.3,447.1,604.2
Encode-Decode_Experiment-1-1,2369373,chef,decoding,19,49,285716,285730,14,782.6,518.8,793.4,552.6,103.4
Encode-Decode_Experiment-1-1,2369373,chef,decoding,19,49,285754,285776,22,790.7,553.3,861.3,505.1,140.1
Encode-Decode_Experiment-1-1,2369373,chef,decoding,19,49,286064,286068,4,845.4,516.0,846.4,527.4,51.1
Encode-Decode_Experiment-1-1,2369373,chef,decoding,19,49,286492,286496,4,844.1,539.4,843.9,529.2,45.2
Encode-Decode_Experiment-1-1,2369373,chef,decoding,19,49,288396,288406,10,847.2,539.9,851.1,519.4,47.7
Encode-Decode_Experiment-1-1,2347025,umbrella,decoding,20,50,289460,289484,24,984.8,530.4,866.7,513.3,165.5
Encode-Decode_Experiment-1-1,2347025,umbrella,decoding,20,50,289552,289828,276,984.8,530.4,866.7,513.3,0.0
Encode-Decode_Experiment-1-1,2347025,umbrella,decoding,20,50,290108,290128,20,922.7,497.9,835.7,517.4,121.7
Encode-Decode_Experiment-1-1,2347025,umbrella,decoding,20,50,291030,291254,224,922.7,497.9,835.7,517.4,0.0
Encode-Decode_Experiment-1-1,2347025,umbrella,decoding,20,50,291522,291542,20,917.0,509.8,830.1,512.3,118.5
Encode-Decode_Experiment-1-1,2347025,umbrella,decoding,20,50,293448,293464,16,852.9,510.0,864.0,470.1,78.4
Encode-Decode_Experiment-1-1,2347025,umbrella,decoding,20,50,294062,294084,22,860.7,486.8,932.5,404.4,183.1
Encode-Decode_Experiment-1-1,2347025,umbrella,decoding,20,50,294266,294274,8,918.4,409.6,924.9,392.1,50.5
Encode-Decode_Experiment-1-1,2347025,umbrella,decoding,20,50,294530,294534,4,928.2,393.6,935.1,388.5,38.2
Encode-Decode_Experiment-1-1,2347025,umbrella,decoding,20,50,295262,295484,222,937.8,401.4,966.7,410.4,49.5
Encode-Decode_Experiment-1-1,2347025,umbrella,decoding,20,50,295826,295838,12,934.8,400.6,908.7,422.3,60.2
Encode-Decode_Experiment-1-1,2347025,umbrella,decoding,20,50,296008,296126,118,928.2,461.1,100000000.0,100000000.0,59.9
Encode-Decode_Experiment-1-1,2370664,donuts,decoding,21,51,296400,296454,54,1013.8,542.5,407.0,585.5,339.7
Encode-Decode_Experiment-1-1,2370664,donuts,decoding,21,51,296618,296668,50,424.4,574.9,-247.6,474.6,435.1
Encode-Decode_Experiment-1-1,2370664,donuts,decoding,21,51,296720,296738,18,424.4,574.9,-247.6,474.6,0.0
Encode-Decode_Experiment-1-1,2370664,donuts,decoding,21,51,297856,298604,748,127.7,575.0,762.1,671.6,2094.0
Encode-Decode_Experiment-1-1,2370664,donuts,decoding,21,51,298944,298964,20,895.0,647.5,818.6,601.8,131.4
Encode-Decode_Experiment-1-1,2370664,donuts,decoding,21,51,299144,299166,22,836.8,594.0,826.9,514.5,108.3
Encode-Decode_Experiment-1-1,2370664,donuts,decoding,21,51,300344,300350,6,843.9,516.4,827.1,516.2,43.6
Encode-Decode_Experiment-1-1,2370664,donuts,decoding,21,51,300766,300774,8,818.7,509.7,798.5,507.4,43.8
Encode-Decode_Experiment-1-1,2370664,donuts,decoding,21,51,301084,301106,22,799.0,501.3,884.8,428.0,181.1
Encode-Decode_Experiment-1-1,2370664,donuts,decoding,21,51,301468,301482,14,891.0,430.1,841.9,456.9,84.0
Encode-Decode_Experiment-1-1,2370664,donuts,decoding,21,51,301826,301846,20,846.0,471.6,801.6,553.3,129.7
Encode-Decode_Experiment-1-1,2370664,donuts,decoding,21,51,302054,302070,16,813.1,550.4,857.3,504.7,101.8
Encode-Decode_Experiment-1-1,2370664,donuts,decoding,21,51,302860,302884,24,863.1,521.9,943.4,438.3,173.0
Encode-Decode_Experiment-1-1,2410309,laptop,decoding,22,52,303734,303748,14,987.0,531.3,929.4,506.8,94.6
Encode-Decode_Experiment-1-1,2410309,laptop,decoding,22,52,303916,303934,18,915.7,506.8,846.0,507.7,93.3
Encode-Decode_Experiment-1-1,2410309,laptop,decoding,22,52,304554,305100,546,845.7,519.9,-371.9,210.6,654.2
Encode-Decode_Experiment-1-1,2410309,laptop,decoding,22,52,305308,305324,16,744.3,416.1,752.0,451.0,99.5
Encode-Decode_Experiment-1-1,2410309,laptop,decoding,22,52,305442,305462,20,760.1,466.3,826.1,472.0,100.4
Encode-Decode_Experiment-1-1,2410309,laptop,decoding,22,52,305604,305620,16,806.7,475.4,802.1,438.4,105.9
Encode-Decode_Experiment-1-1,2410309,laptop,decoding,22,52,305660,305674,14,799.8,441.4,845.3,456.8,71.6
Encode-Decode_Experiment-1-1,2410309,laptop,decoding,22,52,305708,305724,16,831.4,445.6,836.5,479.6,99.3
Encode-Decode_Experiment-1-1,2410309,laptop,decoding,22,52,306358,306378,20,844.7,502.9,844.8,504.8,90.3
Encode-Decode_Experiment-1-1,2410309,laptop,decoding,22,52,306572,306578,6,850.8,507.2,867.9,501.7,45.7
Encode-Decode_Experiment-1-1,2410309,laptop,decoding,22,52,307114,307306,192,850.8,507.2,867.9,501.7,0.0
Encode-Decode_Experiment-1-1,2410309,laptop,decoding,22,52,307454,307460,6,871.2,474.7,867.7,483.7,34.6
Encode-Decode_Experiment-1-1,2410309,laptop,decoding,22,52,307696,307712,16,854.0,491.2,844.8,459.9,98.4
Encode-Decode_Experiment-1-1,2410309,laptop,decoding,22,52,307798,307810,12,840.3,473.9,844.6,505.6,86.2
Encode-Decode_Experiment-1-1,2410309,laptop,decoding,22,52,308038,308052,14,846.2,508.5,840.8,475.2,98.0
Encode-Decode_Experiment-1-1,2410309,laptop,decoding,22,52,308444,308452,8,851.0,514.4,868.2,497.0,62.3
Encode-Decode_Experiment-1-1,2410309,laptop,decoding,22,52,308688,308694,6,859.3,492.9,848.8,502.2,41.0
Encode-Decode_Experiment-1-1,2410309,laptop,decoding,22,52,308782,308808,26,849.4,510.1,849.9,511.9,73.5
Encode-Decode_Experiment-1-1,2410309,laptop,decoding,22,52,309022,309034,12,838.8,475.9,843.4,508.2,92.0
Encode-Decode_Experiment-1-1,2410309,laptop,decoding,22,52,309116,309262,146,838.8,475.9,843.4,508.2,0.0
Encode-Decode_Experiment-1-1,2394020,horse ride,decoding,23,53,310420,310696,276,838.8,475.9,843.4,508.2,0.0
Encode-Decode_Experiment-1-1,2394020,horse ride,decoding,23,53,311192,311224,32,1089.4,518.2,853.8,485.9,210.2
Encode-Decode_Experiment-1-1,2394020,horse ride,decoding,23,53,313144,313190,46,854.0,516.6,602.8,737.9,252.2
Encode-Decode_Experiment-1-1,2394020,horse ride,decoding,23,53,314646,314702,56,591.6,743.5,897.4,488.0,385.5
Encode-Decode_Experiment-1-1,2394020,horse ride,decoding,23,53,315732,315782,50,927.6,478.0,772.9,598.5,270.0
Encode-Decode_Experiment-1-1,2394020,horse ride,decoding,23,53,316022,316050,28,760.0,613.5,585.8,802.6,361.4
Encode-Decode_Experiment-1-1,2394020,horse ride,decoding,23,53,316248,316276,28,577.5,808.9,384.1,962.0,306.1
Encode-Decode_Experiment-1-1,2394020,horse ride,decoding,23,53,316932,316992,60,400.1,1004.3,894.3,490.5,424.9
Encode-Decode_Experiment-1-1,2348899,tie,decoding,24,54,317866,317890,24,1016.1,483.1,877.5,503.4,158.8
Encode-Decode_Experiment-1-1,2348899,tie,decoding,24,54,318676,318728,52,853.4,520.8,329.5,602.7,334.9
Encode-Decode_Experiment-1-1,2348899,tie,decoding,24,54,319082,319116,34,342.0,613.2,217.5,770.5,222.4
Encode-Decode_Experiment-1-1,2348899,tie,decoding,24,54,319470,319524,54,226.7,778.2,695.7,552.8,350.6
Encode-Decode_Experiment-1-1,2348899,tie,decoding,24,54,320066,320100,34,724.9,559.6,842.0,504.0,105.7
Encode-Decode_Experiment-1-1,2348899,tie,decoding,24,54,320254,320262,8,846.7,503.8,867.6,501.0,45.7
Encode-Decode_Experiment-1-1,2348899,tie,decoding,24,54,320486,320490,4,870.3,506.9,862.1,511.2,37.6
Encode-Decode_Experiment-1-1,2348899,tie,decoding,24,54,320870,320876,6,873.0,524.6,857.5,530.4,45.4
Encode-Decode_Experiment-1-1,2348899,tie,decoding,24,54,321050,321072,22,855.9,512.1,787.3,582.5,138.3
Encode-Decode_Experiment-1-1,2348899,tie,decoding,24,54,321202,321218,16,786.9,625.1,726.8,648.8,89.6
Encode-Decode_Experiment-1-1,2348899,tie,decoding,24,54,321572,321616,44,731.1,658.7,700.3,403.1,165.5
Encode-Decode_Experiment-1-1,2348899,tie,decoding,24,54,322058,322066,8,720.2,427.6,735.5,418.2,41.8
Encode-Decode_Experiment-1-1,2348899,tie,decoding,24,54,322254,322294,40,737.2,418.9,672.5,629.3,226.8
Encode-Decode_Experiment-1-1,2348899,tie,decoding,24,54,322824,322860,36,690.5,623.5,870.4,432.5,278.0
Encode-Decode_Experiment-1-1,2348899,tie,decoding,24,54,323292,323314,22,862.7,442.0,995.4,462.0,177.2
Encode-Decode_Experiment-1-1,2348899,tie,decoding,24,54,323628,323686,58,956.9,434.9,806.8,793.6,294.7
Encode-Decode_Experiment-1-1,2362704,bears,decoding,25,55,324492,324562,70,746.9,335.9,974.0,601.5,312.0
Encode-Decode_Experiment-1-1,2362704,bears,decoding,25,55,324636,324794,158,967.6,557.1,865.9,414.7,240.1
Encode-Decode_Experiment-1-1,2362704,bears,decoding,25,55,324844,324884,40,860.8,438.4,850.0,402.3,105.9
Encode-Decode_Experiment-1-1,2362704,bears,decoding,25,55,324910,325172,262,838.5,418.9,882.7,460.9,2894.7
Encode-Decode_Experiment-1-1,2362704,bears,decoding,25,55,325224,325264,40,835.8,432.1,837.8,514.0,142.3
Encode-Decode_Experiment-1-1,2362704,bears,decoding,25,55,325310,325328,18,810.9,539.1,789.6,453.3,207.4
Encode-Decode_Experiment-1-1,2362704,bears,decoding,25,55,325372,325422,50,800.1,459.1,801.6,452.4,99.0
Encode-Decode_Experiment-1-1,2362704,bears,decoding,25,55,325452,325466,14,805.0,470.0,810.0,450.4,79.8
Encode-Decode_Experiment-1-1,2362704,bears,decoding,25,55,325494,325510,16,826.8,485.0,825.0,461.8,86.6
Encode-Decode_Experiment-1-1,2362704,bears,decoding,25,55,326928,329628,2700,873.6,558.5,1012.1,1602.4,608.5
Encode-Decode_Experiment-1-1,2362704,bears,decoding,25,55,329718,329756,38,890.8,701.4,804.8,588.0,120.5
Encode-Decode_Experiment-1-1,2362704,bears,decoding,25,55,329926,329980,54,846.0,610.4,769.8,363.9,310.1
Encode-Decode_Experiment-1-1,2362704,bears,decoding,25,55,330328,330554,226,806.6,388.0,858.2,403.5,61.3
Encode-Decode_Experiment-1-1,2362704,bears,decoding,25,55,330636,330648,12,930.8,482.2,926.7,451.2,87.3
Encode-Decode_Experiment-1-1,2362704,bears,decoding,25,55,330774,330806,32,918.4,464.4,860.5,484.3,146.7
Encode-Decode_Experiment-1-1,2362704,bears,decoding,25,55,331354,331362,8,842.1,516.7,843.2,497.4,52.8
Encode-Decode_Experiment-1-1,2409918,elephant,decoding,26,56,331882,331914,32,996.0,512.4,888.9,496.7,193.0
Encode-Decode_Experiment-1-1,2409918,elephant,decoding,26,56,332088,332094,6,871.1,503.2,854.6,504.4,43.9
Encode-Decode_Experiment-1-1,2409918,elephant,decoding,26,56,333160,333168,8,858.7,520.3,868.9,504.7,49.5
Encode-Decode_Experiment-1-1,2409918,elephant,decoding,26,56,333738,333750,12,862.3,506.8,833.1,526.9,62.3
Encode-Decode_Experiment-1-1,2409918,elephant,decoding,26,56,333940,333944,4,851.3,526.8,860.6,524.4,38.1
Encode-Decode_Experiment-1-1,2409918,elephant,decoding,26,56,335428,335462,34,862.6,520.6,569.8,445.6,287.0
Encode-Decode_Experiment-1-1,2409918,elephant,decoding,26,56,335788,335846,58,580.5,446.7,847.9,453.0,261.1
Encode-Decode_Experiment-1-1,2409918,elephant,decoding,26,56,336076,336092,16,871.4,459.7,833.0,490.1,74.9
Encode-Decode_Experiment-1-1,2409918,elephant,decoding,26,56,336488,336494,6,844.1,491.7,828.0,493.2,42.9
Encode-Decode_Experiment-1-1,2409918,elephant,decoding,26,56,337430,337454,24,818.6,496.4,889.3,458.5,103.8
Encode-Decode_Experiment-1-1,2409918,elephant,decoding,26,56,337630,337648,18,887.7,391.7,915.0,318.3,119.9
Encode-Decode_Experiment-1-1,2409918,elephant,decoding,26,56,337834,337846,12,929.6,326.2,946.2,294.4,74.4
Encode-Decode_Experiment-1-1,2408717,surfboard,decoding,27,57,338678,338692,14,968.7,527.2,998.4,544.3,45.6
Encode-Decode_Experiment-1-1,2408717,surfboard,decoding,27,57,339070,339092,22,986.4,529.9,866.1,506.4,165.5
Encode-Decode_Experiment-1-1,2408717,surfboard,decoding,27,57,339134,339146,12,898.3,514.7,935.6,524.5,58.2
Encode-Decode_Experiment-1-1,2408717,surfboard,decoding,27,57,339230,339236,6,916.8,519.2,897.3,514.7,61.4
Encode-Decode_Experiment-1-1,2408717,surfboard,decoding,27,57,339272,339284,12,881.7,513.5,836.0,515.8,68.1
Encode-Decode_Experiment-1-1,2408717,surfboard,decoding,27,57,339534,340940,1406,857.9,532.3,1004.9,1842.9,526.9
Encode-Decode_Experiment-1-1,2408717,surfboard,decoding,27,57,341294,341326,32,1067.0,700.3,865.8,531.9,404.6
Encode-Decode_Experiment-1-1,2408717,surfboard,decoding,27,57,341584,341598,14,893.9,560.0,850.8,551.5,70.0
Encode-Decode_Experiment-1-1,2408717,surfboard,decoding,27,57,341902,343286,1384,865.7,571.4,908.8,1414.9,704.0
Encode-Decode_Experiment-1-1,2408717,surfboard,decoding,27,57,343592,343648,56,1012.5,404.8,721.5,384.7,303.8
Encode-Decode_Experiment-1-1,2408717,surfboard,decoding,27,57,344112,344154,42,719.1,399.2,866.1,428.4,266.9
Encode-Decode_Experiment-1-1,2408717,surfboard,decoding,27,57,344368,344390,22,892.2,441.9,932.5,384.1,132.7
Encode-Decode_Experiment-1-1,2385851,suitcase,decoding,28,58,345892,345926,34,1007.2,523.6,864.9,443.8,215.4
Encode-Decode_Experiment-1-1,2385851,suitcase,decoding,28,58,346202,346478,276,1007.2,523.6,864.9,443.8,0.0
Encode-Decode_Experiment-1-1,2385851,suitcase,decoding,28,58,346712,346732,20,904.4,465.4,837.5,496.4,108.2
Encode-Decode_Experiment-1-1,2385851,suitcase,decoding,28,58,347240,347546,306,904.4,465.4,837.5,496.4,0.0
Encode-Decode_Experiment-1-1,2385851,suitcase,decoding,28,58,347846,347854,8,860.4,488.8,839.4,499.4,55.5
Encode-Decode_Experiment-1-1,2385851,suitcase,decoding,28,58,348852,348920,68,852.1,519.2,870.1,989.3,375.2
Encode-Decode_Experiment-1-1,2385851,suitcase,decoding,28,58,348988,349026,38,870.1,1010.8,611.2,1279.6,351.6
Encode-Decode_Experiment-1-1,2385851,suitcase,decoding,28,58,350292,350332,40,1051.2,479.4,923.5,479.4,231.9
Encode-Decode_Experiment-1-1,2385851,suitcase,decoding,28,58,350410,350472,62,906.4,484.3,353.9,1078.6,656.7
Encode-Decode_Experiment-1-1,2379478,baby-milk,decoding,29,59,353158,353174,16,1007.7,524.6,934.7,508.5,105.2
Encode-Decode_Experiment-1-1,2379478,baby-milk,decoding,29,59,353642,353652,10,945.9,501.3,918.7,503.3,49.1
Encode-Decode_Experiment-1-1,2379478,baby-milk,decoding,29,59,354086,354100,14,907.5,505.0,865.9,514.6,60.5
Encode-Decode_Experiment-1-1,2379478,baby-milk,decoding,29,59,354762,354958,196,907.5,505.0,865.9,514.6,0.0
Encode-Decode_Experiment-1-1,2379478,baby-milk,decoding,29,59,355132,355138,6,874.3,511.9,892.3,507.5,47.5
Encode-Decode_Experiment-1-1,2379478,baby-milk,decoding,29,59,355338,355344,6,879.2,512.4,860.9,520.9,52.4
Encode-Decode_Experiment-1-1,2379478,baby-milk,decoding,29,59,356782,356998,216,879.2,512.4,860.9,520.9,0.0
Encode-Decode_Experiment-1-1,2379478,baby-milk,decoding,29,59,357232,357238,6,851.0,499.8,869.3,500.9,46.1
Encode-Decode_Experiment-1-1,2345035,football,decoding,30,60,360004,360018,14,975.4,523.4,928.7,507.3,72.2
Encode-Decode_Experiment-1-1,2345035,football,decoding,30,60,360152,360172,20,932.4,504.4,842.8,507.2,126.0
Encode-Decode_Experiment-1-1,2345035,football,decoding,30,60,361500,361504,4,861.6,527.4,871.7,522.4,42.2
Encode-Decode_Experiment-1-1,2345035,football,decoding,30,60,361798,361816,18,874.3,525.1,845.8,527.3,63.7
Encode-Decode_Experiment-1-1,2345035,football,decoding,30,60,362022,362028,6,861.9,517.6,880.9,517.5,50.3
Encode-Decode_Experiment-1-1,2345035,football,decoding,30,60,362208,365634,3426,861.9,517.6,880.9,517.5,0.0
Encode-Decode_Experiment-1-1,2345035,football,decoding,30,60,365674,365702,28,861.9,517.6,880.9,517.5,0.0
Encode-Decode_Experiment-1-1,2345035,football,decoding,30,60,365768,366666,898,311.4,174.2,736.3,169.0,285.1
