SubjectID,StimID,CueText,Phase,TrialIndex,TrialID,FixStart_ms,FixEnd_ms,Duration_ms,GazeX,GazeY
Encode-Decode_Experiment-9-1,2386442,teeth,encoding,1,1,4,336,332,931.6,537.5
Encode-Decode_Experiment-9-1,2386442,teeth,encoding,1,1,362,538,176,934.5,577.6
Encode-Decode_Experiment-9-1,2386442,teeth,encoding,1,1,600,830,230,257.6,530.4
Encode-Decode_Experiment-9-1,2386442,teeth,encoding,1,1,848,886,38,213.1,550.9
Encode-Decode_Experiment-9-1,2386442,teeth,encoding,1,1,946,1186,240,799.8,685.1
Encode-Decode_Experiment-9-1,2386442,teeth,encoding,1,1,1238,1728,490,1297.1,479.1
Encode-Decode_Experiment-9-1,2386442,teeth,encoding,1,1,1788,2002,214,797.7,606.2
Encode-Decode_Experiment-9-1,2386442,teeth,encoding,1,1,2030,2158,128,900.2,655.4
Encode-Decode_Experiment-9-1,2386442,teeth,encoding,1,1,2214,2370,156,1338.3,463.3
Encode-Decode_Experiment-9-1,2386442,teeth,encoding,1,1,2396,2538,142,1391.6,495.7
Encode-Decode_Experiment-9-1,2386442,teeth,encoding,1,1,2568,2766,198,1253.6,381.9
Encode-Decode_Experiment-9-1,2386442,teeth,encoding,1,1,2784,2882,98,1283.1,358.4
Encode-Decode_Experiment-9-1,2386442,teeth,encoding,1,1,2912,3172,260,1406.4,526.0
Encode-Decode_Experiment-9-1,2386442,teeth,encoding,1,1,3220,3406,186,1235.1,352.1
Encode-Decode_Experiment-9-1,2386442,teeth,encoding,1,1,3472,3672,200,410.9,360.1
Encode-Decode_Experiment-9-1,2386442,teeth,encoding,1,1,3700,3964,264,276.0,381.2
Encode-Decode_Experiment-9-1,2386442,teeth,encoding,1,1,4014,4256,242,394.5,498.3
Encode-Decode_Experiment-9-1,2386442,teeth,encoding,1,1,4280,4412,132,305.4,529.7
Encode-Decode_Experiment-9-1,2386442,teeth,encoding,1,1,4476,4720,244,910.8,713.3
Encode-Decode_Experiment-9-1,2386442,teeth,encoding,1,1,4770,5084,314,1425.9,691.3
Encode-Decode_Experiment-9-1,2374670,spray-vehicle,encoding,2,2,5100,5522,422,963.1,566.7
Encode-Decode_Experiment-9-1,2374670,spray-vehicle,encoding,2,2,5548,5922,374,886.7,501.2
Encode-Decode_Experiment-9-1,2374670,spray-vehicle,encoding,2,2,5968,6208,240,667.9,702.1
Encode-Decode_Experiment-9-1,2374670,spray-vehicle,encoding,2,2,6232,6502,270,678.7,756.3
Encode-Decode_Experiment-9-1,2374670,spray-vehicle,encoding,2,2,6546,6810,264,1086.0,586.1
Encode-Decode_Experiment-9-1,2374670,spray-vehicle,encoding,2,2,6846,7098,252,932.1,466.2
Encode-Decode_Experiment-9-1,2374670,spray-vehicle,encoding,2,2,7156,7658,502,1283.2,853.6
Encode-Decode_Experiment-9-1,2374670,spray-vehicle,encoding,2,2,7706,7902,196,993.8,584.4
Encode-Decode_Experiment-9-1,2374670,spray-vehicle,encoding,2,2,7928,8144,216,921.0,511.0
Encode-Decode_Experiment-9-1,2374670,spray-vehicle,encoding,2,2,8196,8522,326,436.2,441.4
Encode-Decode_Experiment-9-1,2374670,spray-vehicle,encoding,2,2,8576,8808,232,984.3,268.9
Encode-Decode_Experiment-9-1,2374670,spray-vehicle,encoding,2,2,8838,8968,130,1165.9,336.3
Encode-Decode_Experiment-9-1,2374670,spray-vehicle,encoding,2,2,9020,9188,168,1271.9,567.7
Encode-Decode_Experiment-9-1,2374670,spray-vehicle,encoding,2,2,9214,9448,234,1159.8,607.9
Encode-Decode_Experiment-9-1,2374670,spray-vehicle,encoding,2,2,9670,9862,192,1156.9,636.3
Encode-Decode_Experiment-9-1,2374670,spray-vehicle,encoding,2,2,9894,10124,230,958.0,645.9
Encode-Decode_Experiment-9-1,2367132,video game,encoding,3,3,10176,10396,220,1000.5,572.4
Encode-Decode_Experiment-9-1,2367132,video game,encoding,3,3,10436,10562,126,728.6,424.6
Encode-Decode_Experiment-9-1,2367132,video game,encoding,3,3,10590,10728,138,753.4,348.5
Encode-Decode_Experiment-9-1,2367132,video game,encoding,3,3,10786,11110,324,1279.8,356.7
Encode-Decode_Experiment-9-1,2367132,video game,encoding,3,3,11122,11430,308,1303.6,319.6
Encode-Decode_Experiment-9-1,2367132,video game,encoding,3,3,11454,11672,218,1190.7,392.3
Encode-Decode_Experiment-9-1,2367132,video game,encoding,3,3,11720,11878,158,735.9,342.2
Encode-Decode_Experiment-9-1,2367132,video game,encoding,3,3,11938,12084,146,330.2,659.9
Encode-Decode_Experiment-9-1,2367132,video game,encoding,3,3,12116,12366,250,167.8,685.9
Encode-Decode_Experiment-9-1,2367132,video game,encoding,3,3,12376,12618,242,178.6,667.5
Encode-Decode_Experiment-9-1,2367132,video game,encoding,3,3,12648,12810,162,371.0,681.1
Encode-Decode_Experiment-9-1,2367132,video game,encoding,3,3,12832,13140,308,405.2,630.4
Encode-Decode_Experiment-9-1,2367132,video game,encoding,3,3,13162,13428,266,344.1,665.0
Encode-Decode_Experiment-9-1,2367132,video game,encoding,3,3,13472,13754,282,124.1,908.0
Encode-Decode_Experiment-9-1,2367132,video game,encoding,3,3,13802,13986,184,485.4,634.1
Encode-Decode_Experiment-9-1,2367132,video game,encoding,3,3,14004,14144,140,430.0,623.6
Encode-Decode_Experiment-9-1,2367132,video game,encoding,3,3,14182,14404,222,760.3,535.8
Encode-Decode_Experiment-9-1,2367132,video game,encoding,3,3,14454,14610,156,1227.0,426.0
Encode-Decode_Experiment-9-1,2367132,video game,encoding,3,3,14638,14900,262,1304.9,320.5
Encode-Decode_Experiment-9-1,2367132,video game,encoding,3,3,14958,15234,276,1740.3,980.4
Encode-Decode_Experiment-9-1,2349475,blender,encoding,4,4,15246,15464,218,958.6,549.2
Encode-Decode_Experiment-9-1,2349475,blender,encoding,4,4,15500,15702,202,710.9,510.0
Encode-Decode_Experiment-9-1,2349475,blender,encoding,4,4,15734,15988,254,951.2,460.7
Encode-Decode_Experiment-9-1,2349475,blender,encoding,4,4,16028,16224,196,1263.0,533.9
Encode-Decode_Experiment-9-1,2349475,blender,encoding,4,4,16282,16608,326,673.0,692.8
Encode-Decode_Experiment-9-1,2349475,blender,encoding,4,4,16640,16886,246,679.1,504.0
Encode-Decode_Experiment-9-1,2349475,blender,encoding,4,4,16936,17244,308,361.4,816.3
Encode-Decode_Experiment-9-1,2349475,blender,encoding,4,4,17274,17594,320,336.7,975.7
Encode-Decode_Experiment-9-1,2349475,blender,encoding,4,4,17620,17806,186,492.3,1004.6
Encode-Decode_Experiment-9-1,2349475,blender,encoding,4,4,17850,18058,208,818.3,718.8
Encode-Decode_Experiment-9-1,2349475,blender,encoding,4,4,18118,18236,118,1428.4,414.0
Encode-Decode_Experiment-9-1,2349475,blender,encoding,4,4,18266,18620,354,1484.9,288.2
Encode-Decode_Experiment-9-1,2349475,blender,encoding,4,4,18670,18824,154,1274.8,504.9
Encode-Decode_Experiment-9-1,2349475,blender,encoding,4,4,18850,19056,206,1261.6,596.7
Encode-Decode_Experiment-9-1,2349475,blender,encoding,4,4,19084,19258,174,1089.4,606.8
Encode-Decode_Experiment-9-1,2349475,blender,encoding,4,4,19288,19570,282,955.7,501.7
Encode-Decode_Experiment-9-1,2349475,blender,encoding,4,4,19612,20042,430,661.8,528.1
Encode-Decode_Experiment-9-1,2349475,blender,encoding,4,4,20064,20120,56,718.1,550.3
Encode-Decode_Experiment-9-1,2349475,blender,encoding,4,4,20172,20316,144,1322.0,485.4
Encode-Decode_Experiment-9-1,2356991,baseball,encoding,5,5,20324,20638,314,965.5,578.7
Encode-Decode_Experiment-9-1,2356991,baseball,encoding,5,5,20718,20998,280,1275.2,382.3
Encode-Decode_Experiment-9-1,2356991,baseball,encoding,5,5,21036,21124,88,1318.1,502.9
Encode-Decode_Experiment-9-1,2356991,baseball,encoding,5,5,21188,21384,196,558.4,674.0
Encode-Decode_Experiment-9-1,2356991,baseball,encoding,5,5,21434,21620,186,903.4,864.8
Encode-Decode_Experiment-9-1,2356991,baseball,encoding,5,5,21648,21976,328,1040.2,878.0
Encode-Decode_Experiment-9-1,2356991,baseball,encoding,5,5,22018,22296,278,686.0,868.6
Encode-Decode_Experiment-9-1,2356991,baseball,encoding,5,5,22338,22528,190,1004.8,773.3
Encode-Decode_Experiment-9-1,2356991,baseball,encoding,5,5,22580,22768,188,1303.9,521.1
Encode-Decode_Experiment-9-1,2356991,baseball,encoding,5,5,22814,23218,404,1296.3,310.6
Encode-Decode_Experiment-9-1,2356991,baseball,encoding,5,5,23268,23454,186,840.4,497.5
Encode-Decode_Experiment-9-1,2356991,baseball,encoding,5,5,23502,23814,312,1288.6,267.4
Encode-Decode_Experiment-9-1,2356991,baseball,encoding,5,5,24016,24336,320,1208.7,814.4
Encode-Decode_Experiment-9-1,2356991,baseball,encoding,5,5,24362,24638,276,1044.3,861.1
Encode-Decode_Experiment-9-1,2356991,baseball,encoding,5,5,24692,24914,222,1298.2,455.4
Encode-Decode_Experiment-9-1,2356991,baseball,encoding,5,5,24972,25164,192,845.1,525.3
Encode-Decode_Experiment-9-1,2356991,baseball,encoding,5,5,25206,25394,188,1180.0,889.9
Encode-Decode_Experiment-9-1,2408717,surfboard,encoding,6,6,25402,25752,350,986.9,579.4
Encode-Decode_Experiment-9-1,2408717,surfboard,encoding,6,6,25802,25956,154,630.4,526.7
Encode-Decode_Experiment-9-1,2408717,surfboard,encoding,6,6,25996,26256,260,345.9,545.6
Encode-Decode_Experiment-9-1,2408717,surfboard,encoding,6,6,26278,26596,318,331.3,496.1
Encode-Decode_Experiment-9-1,2408717,surfboard,encoding,6,6,26616,26818,202,397.6,489.5
Encode-Decode_Experiment-9-1,2408717,surfboard,encoding,6,6,26844,27072,228,347.2,537.5
Encode-Decode_Experiment-9-1,2408717,surfboard,encoding,6,6,27096,27310,214,324.2,607.4
Encode-Decode_Experiment-9-1,2408717,surfboard,encoding,6,6,27366,27752,386,780.1,620.1
Encode-Decode_Experiment-9-1,2408717,surfboard,encoding,6,6,27808,27988,180,1420.6,701.4
Encode-Decode_Experiment-9-1,2408717,surfboard,encoding,6,6,28034,28326,292,1357.3,519.0
Encode-Decode_Experiment-9-1,2408717,surfboard,encoding,6,6,28338,28456,118,1383.8,519.6
Encode-Decode_Experiment-9-1,2408717,surfboard,encoding,6,6,28508,28756,248,681.7,500.1
Encode-Decode_Experiment-9-1,2408717,surfboard,encoding,6,6,28796,29032,236,373.3,503.7
Encode-Decode_Experiment-9-1,2408717,surfboard,encoding,6,6,29050,29520,470,330.1,478.6
Encode-Decode_Experiment-9-1,2408717,surfboard,encoding,6,6,29554,29774,220,579.1,438.4
Encode-Decode_Experiment-9-1,2408717,surfboard,encoding,6,6,29836,30142,306,1249.8,420.7
Encode-Decode_Experiment-9-1,2408717,surfboard,encoding,6,6,30170,30450,280,1367.2,473.4
Encode-Decode_Experiment-9-1,2411268,apple,encoding,7,7,30490,30744,254,966.1,570.6
Encode-Decode_Experiment-9-1,2411268,apple,encoding,7,7,30792,30994,202,1024.2,330.1
Encode-Decode_Experiment-9-1,2411268,apple,encoding,7,7,31018,31266,248,1063.8,271.0
Encode-Decode_Experiment-9-1,2411268,apple,encoding,7,7,31286,31420,134,1016.7,263.5
Encode-Decode_Experiment-9-1,2411268,apple,encoding,7,7,31446,31776,330,991.0,192.7
Encode-Decode_Experiment-9-1,2411268,apple,encoding,7,7,31800,32192,392,1016.8,247.9
Encode-Decode_Experiment-9-1,2411268,apple,encoding,7,7,32216,32372,156,1049.1,285.5
Encode-Decode_Experiment-9-1,2411268,apple,encoding,7,7,32398,32554,156,1150.0,328.1
Encode-Decode_Experiment-9-1,2411268,apple,encoding,7,7,32572,32694,122,1118.3,326.6
Encode-Decode_Experiment-9-1,2411268,apple,encoding,7,7,32722,32824,102,1192.0,404.8
Encode-Decode_Experiment-9-1,2411268,apple,encoding,7,7,32894,33238,344,949.0,875.2
Encode-Decode_Experiment-9-1,2411268,apple,encoding,7,7,33256,33554,298,911.6,891.1
Encode-Decode_Experiment-9-1,2411268,apple,encoding,7,7,33592,33726,134,726.1,880.8
Encode-Decode_Experiment-9-1,2411268,apple,encoding,7,7,33778,33944,166,640.9,453.4
Encode-Decode_Experiment-9-1,2411268,apple,encoding,7,7,33984,34106,122,706.7,298.9
Encode-Decode_Experiment-9-1,2411268,apple,encoding,7,7,34134,34312,178,584.2,205.7
Encode-Decode_Experiment-9-1,2411268,apple,encoding,7,7,34336,34622,286,570.2,147.9
Encode-Decode_Experiment-9-1,2411268,apple,encoding,7,7,34630,35010,380,571.7,126.4
Encode-Decode_Experiment-9-1,2411268,apple,encoding,7,7,35054,35408,354,1005.0,170.8
Encode-Decode_Experiment-9-1,2411268,apple,encoding,7,7,35428,35556,128,1058.4,154.6
Encode-Decode_Experiment-9-1,2362704,bears,encoding,8,8,35564,35848,284,989.3,518.1
Encode-Decode_Experiment-9-1,2362704,bears,encoding,8,8,35878,36112,234,844.8,511.9
Encode-Decode_Experiment-9-1,2362704,bears,encoding,8,8,36160,36586,426,912.8,666.1
Encode-Decode_Experiment-9-1,2362704,bears,encoding,8,8,36606,36836,230,864.2,671.7
Encode-Decode_Experiment-9-1,2362704,bears,encoding,8,8,36888,37098,210,841.2,461.9
Encode-Decode_Experiment-9-1,2362704,bears,encoding,8,8,37118,37564,446,793.4,432.3
Encode-Decode_Experiment-9-1,2362704,bears,encoding,8,8,37588,37766,178,868.0,503.0
Encode-Decode_Experiment-9-1,2362704,bears,encoding,8,8,37798,38028,230,884.7,676.6
Encode-Decode_Experiment-9-1,2362704,bears,encoding,8,8,38050,38302,252,906.2,735.7
Encode-Decode_Experiment-9-1,2362704,bears,encoding,8,8,38342,38682,340,1246.6,690.3
Encode-Decode_Experiment-9-1,2362704,bears,encoding,8,8,38724,39100,376,1163.3,508.1
Encode-Decode_Experiment-9-1,2362704,bears,encoding,8,8,39124,39340,216,1209.3,577.9
Encode-Decode_Experiment-9-1,2362704,bears,encoding,8,8,39366,39568,202,1255.5,644.7
Encode-Decode_Experiment-9-1,2362704,bears,encoding,8,8,39622,40014,392,1123.8,330.6
Encode-Decode_Experiment-9-1,2362704,bears,encoding,8,8,40054,40350,296,845.3,408.3
Encode-Decode_Experiment-9-1,2362704,bears,encoding,8,8,40372,40590,218,835.7,417.5
Encode-Decode_Experiment-9-1,2347025,umbrella,encoding,9,9,40646,40944,298,989.6,550.8
Encode-Decode_Experiment-9-1,2347025,umbrella,encoding,9,9,40992,41228,236,492.3,628.5
Encode-Decode_Experiment-9-1,2347025,umbrella,encoding,9,9,41296,41496,200,1211.7,429.8
Encode-Decode_Experiment-9-1,2347025,umbrella,encoding,9,9,41548,42342,794,1298.2,192.9
Encode-Decode_Experiment-9-1,2347025,umbrella,encoding,9,9,42398,42510,112,1214.9,353.1
Encode-Decode_Experiment-9-1,2347025,umbrella,encoding,9,9,42556,42694,138,1198.5,524.3
Encode-Decode_Experiment-9-1,2347025,umbrella,encoding,9,9,42720,42834,114,1153.7,588.3
Encode-Decode_Experiment-9-1,2347025,umbrella,encoding,9,9,42894,43416,522,588.6,638.2
Encode-Decode_Experiment-9-1,2347025,umbrella,encoding,9,9,43446,43744,298,584.4,489.3
Encode-Decode_Experiment-9-1,2347025,umbrella,encoding,9,9,43796,44126,330,1161.1,628.9
Encode-Decode_Experiment-9-1,2347025,umbrella,encoding,9,9,44156,44486,330,1066.6,528.0
Encode-Decode_Experiment-9-1,2347025,umbrella,encoding,9,9,44528,44920,392,853.3,729.2
Encode-Decode_Experiment-9-1,2347025,umbrella,encoding,9,9,44948,45164,216,847.1,645.2
Encode-Decode_Experiment-9-1,2347025,umbrella,encoding,9,9,45188,45400,212,951.2,624.3
Encode-Decode_Experiment-9-1,2347025,umbrella,encoding,9,9,45452,45718,266,585.7,809.2
Encode-Decode_Experiment-9-1,2394020,horse ride,encoding,10,10,45726,45956,230,975.3,565.2
Encode-Decode_Experiment-9-1,2394020,horse ride,encoding,10,10,45982,46286,304,887.7,554.8
Encode-Decode_Experiment-9-1,2394020,horse ride,encoding,10,10,46314,46520,206,830.0,656.5
Encode-Decode_Experiment-9-1,2394020,horse ride,encoding,10,10,46574,46768,194,374.9,715.4
Encode-Decode_Experiment-9-1,2394020,horse ride,encoding,10,10,46810,47046,236,793.5,668.5
Encode-Decode_Experiment-9-1,2394020,horse ride,encoding,10,10,47076,47274,198,933.0,648.9
Encode-Decode_Experiment-9-1,2394020,horse ride,encoding,10,10,47320,47458,138,1394.3,605.4
Encode-Decode_Experiment-9-1,2394020,horse ride,encoding,10,10,47488,47794,306,1488.3,469.2
Encode-Decode_Experiment-9-1,2394020,horse ride,encoding,10,10,47826,48126,300,1495.9,666.6
Encode-Decode_Experiment-9-1,2394020,horse ride,encoding,10,10,48160,48302,142,1196.5,608.6
Encode-Decode_Experiment-9-1,2394020,horse ride,encoding,10,10,48346,48706,360,818.9,659.3
Encode-Decode_Experiment-9-1,2394020,horse ride,encoding,10,10,48750,48942,192,1236.5,599.9
Encode-Decode_Experiment-9-1,2394020,horse ride,encoding,10,10,48984,49240,256,1340.3,434.8
Encode-Decode_Experiment-9-1,2394020,horse ride,encoding,10,10,49268,49472,204,1171.6,412.4
Encode-Decode_Experiment-9-1,2394020,horse ride,encoding,10,10,49536,49760,224,439.1,478.5
Encode-Decode_Experiment-9-1,2394020,horse ride,encoding,10,10,49816,50102,286,819.1,922.0
Encode-Decode_Experiment-9-1,2394020,horse ride,encoding,10,10,50156,50434,278,1252.6,909.1
Encode-Decode_Experiment-9-1,2394020,horse ride,encoding,10,10,50472,50688,216,1527.2,833.1
Encode-Decode_Experiment-9-1,2394020,horse ride,encoding,10,10,50740,50796,56,1488.6,527.4
Encode-Decode_Experiment-9-1,2344622,cat,encoding,11,11,50804,51130,326,999.2,573.2
Encode-Decode_Experiment-9-1,2344622,cat,encoding,11,11,51168,51420,252,774.1,518.4
Encode-Decode_Experiment-9-1,2344622,cat,encoding,11,11,51446,51684,238,883.0,528.4
Encode-Decode_Experiment-9-1,2344622,cat,encoding,11,11,51712,51956,244,768.7,548.6
Encode-Decode_Experiment-9-1,2344622,cat,encoding,11,11,52018,52258,240,1355.8,559.1
Encode-Decode_Experiment-9-1,2344622,cat,encoding,11,11,52304,52462,158,1627.9,602.5
Encode-Decode_Experiment-9-1,2344622,cat,encoding,11,11,52492,52700,208,1759.6,650.3
Encode-Decode_Experiment-9-1,2344622,cat,encoding,11,11,52726,52866,140,1761.5,719.2
Encode-Decode_Experiment-9-1,2344622,cat,encoding,11,11,52922,53202,280,1175.2,317.9
Encode-Decode_Experiment-9-1,2344622,cat,encoding,11,11,53244,53464,220,1485.2,288.7
Encode-Decode_Experiment-9-1,2344622,cat,encoding,11,11,53504,53754,250,1610.1,641.5
Encode-Decode_Experiment-9-1,2344622,cat,encoding,11,11,53784,53988,204,1762.6,655.4
Encode-Decode_Experiment-9-1,2344622,cat,encoding,11,11,54044,54270,226,1362.6,265.7
Encode-Decode_Experiment-9-1,2344622,cat,encoding,11,11,54310,54588,278,1119.4,293.8
Encode-Decode_Experiment-9-1,2344622,cat,encoding,11,11,54644,54836,192,745.3,406.6
Encode-Decode_Experiment-9-1,2344622,cat,encoding,11,11,54864,55034,170,845.9,486.2
Encode-Decode_Experiment-9-1,2344622,cat,encoding,11,11,55056,55682,626,806.9,489.2
Encode-Decode_Experiment-9-1,2344622,cat,encoding,11,11,55738,55874,136,412.4,662.8
Encode-Decode_Experiment-9-1,2360001,clock,encoding,12,12,55882,56168,286,980.5,583.0
Encode-Decode_Experiment-9-1,2360001,clock,encoding,12,12,56204,56428,224,883.5,390.8
Encode-Decode_Experiment-9-1,2360001,clock,encoding,12,12,56458,56702,244,1014.8,398.7
Encode-Decode_Experiment-9-1,2360001,clock,encoding,12,12,56744,57020,276,718.0,371.8
Encode-Decode_Experiment-9-1,2360001,clock,encoding,12,12,57044,57258,214,689.7,307.3
Encode-Decode_Experiment-9-1,2360001,clock,encoding,12,12,57276,57428,152,735.0,274.5
Encode-Decode_Experiment-9-1,2360001,clock,encoding,12,12,57468,57746,278,1021.4,355.1
Encode-Decode_Experiment-9-1,2360001,clock,encoding,12,12,57774,58088,314,923.8,334.3
Encode-Decode_Experiment-9-1,2360001,clock,encoding,12,12,58142,58438,296,898.3,573.0
Encode-Decode_Experiment-9-1,2360001,clock,encoding,12,12,58464,58624,160,988.6,604.0
Encode-Decode_Experiment-9-1,2360001,clock,encoding,12,12,58684,58938,254,1554.4,849.4
Encode-Decode_Experiment-9-1,2360001,clock,encoding,12,12,58982,59310,328,1554.2,537.3
Encode-Decode_Experiment-9-1,2360001,clock,encoding,12,12,59364,59552,188,969.4,509.5
Encode-Decode_Experiment-9-1,2360001,clock,encoding,12,12,59582,59774,192,950.5,363.1
Encode-Decode_Experiment-9-1,2360001,clock,encoding,12,12,59796,60030,234,1000.6,373.1
Encode-Decode_Experiment-9-1,2360001,clock,encoding,12,12,60056,60270,214,892.8,384.6
Encode-Decode_Experiment-9-1,2360001,clock,encoding,12,12,60304,60596,292,769.7,202.7
Encode-Decode_Experiment-9-1,2360001,clock,encoding,12,12,60620,60912,292,727.6,221.2
Encode-Decode_Experiment-9-1,2345035,football,encoding,13,13,60966,61158,192,1005.7,525.6
Encode-Decode_Experiment-9-1,2345035,football,encoding,13,13,61202,61472,270,830.5,371.5
Encode-Decode_Experiment-9-1,2345035,football,encoding,13,13,61498,61632,134,907.6,303.2
Encode-Decode_Experiment-9-1,2345035,football,encoding,13,13,61652,61848,196,865.9,281.8
Encode-Decode_Experiment-9-1,2345035,football,encoding,13,13,61912,62062,150,695.0,755.3
Encode-Decode_Experiment-9-1,2345035,football,encoding,13,13,62090,62218,128,928.5,730.9
Encode-Decode_Experiment-9-1,2345035,football,encoding,13,13,62268,62540,272,948.2,430.6
Encode-Decode_Experiment-9-1,2345035,football,encoding,13,13,62566,62742,176,833.0,413.9
Encode-Decode_Experiment-9-1,2345035,football,encoding,13,13,62770,62944,174,690.4,387.2
Encode-Decode_Experiment-9-1,2345035,football,encoding,13,13,62988,63160,172,961.9,421.8
Encode-Decode_Experiment-9-1,2345035,football,encoding,13,13,63190,63496,306,1086.1,281.1
Encode-Decode_Experiment-9-1,2345035,football,encoding,13,13,63544,63696,152,897.3,674.0
Encode-Decode_Experiment-9-1,2345035,football,encoding,13,13,63726,63962,236,874.3,829.0
Encode-Decode_Experiment-9-1,2345035,football,encoding,13,13,63988,64184,196,1075.4,875.9
Encode-Decode_Experiment-9-1,2345035,football,encoding,13,13,64218,64480,262,1288.3,872.2
Encode-Decode_Experiment-9-1,2345035,football,encoding,13,13,64520,64876,356,1053.0,903.6
Encode-Decode_Experiment-9-1,2345035,football,encoding,13,13,64904,65032,128,1187.4,852.1
Encode-Decode_Experiment-9-1,2345035,football,encoding,13,13,65092,65276,184,978.8,341.3
Encode-Decode_Experiment-9-1,2345035,football,encoding,13,13,65312,65494,182,747.9,332.8
Encode-Decode_Experiment-9-1,2345035,football,encoding,13,13,65526,65700,174,903.8,229.7
Encode-Decode_Experiment-9-1,2345035,football,encoding,13,13,65730,66040,310,1106.4,248.3
Encode-Decode_Experiment-9-1,2371471,motorcycle,encoding,14,14,66048,66328,280,976.4,562.6
Encode-Decode_Experiment-9-1,2371471,motorcycle,encoding,14,14,66368,66632,264,725.8,370.3
Encode-Decode_Experiment-9-1,2371471,motorcycle,encoding,14,14,66688,66970,282,1202.3,438.3
Encode-Decode_Experiment-9-1,2371471,motorcycle,encoding,14,14,66996,67394,398,1190.4,404.9
Encode-Decode_Experiment-9-1,2371471,motorcycle,encoding,14,14,67446,67750,304,704.5,317.3
Encode-Decode_Experiment-9-1,2371471,motorcycle,encoding,14,14,67774,68020,246,629.1,327.3
Encode-Decode_Experiment-9-1,2371471,motorcycle,encoding,14,14,68070,68302,232,1144.8,378.3
Encode-Decode_Experiment-9-1,2371471,motorcycle,encoding,14,14,68324,68496,172,1208.9,378.8
Encode-Decode_Experiment-9-1,2371471,motorcycle,encoding,14,14,68550,68810,260,1260.6,848.4
Encode-Decode_Experiment-9-1,2371471,motorcycle,encoding,14,14,68862,69172,310,1175.5,508.0
Encode-Decode_Experiment-9-1,2371471,motorcycle,encoding,14,14,69220,69402,182,1275.7,937.8
Encode-Decode_Experiment-9-1,2371471,motorcycle,encoding,14,14,69434,69646,212,1003.5,969.8
Encode-Decode_Experiment-9-1,2371471,motorcycle,encoding,14,14,69698,69892,194,1210.4,566.7
Encode-Decode_Experiment-9-1,2371471,motorcycle,encoding,14,14,69918,70072,154,1218.8,482.0
Encode-Decode_Experiment-9-1,2371471,motorcycle,encoding,14,14,70122,70332,210,744.1,362.0
Encode-Decode_Experiment-9-1,2371471,motorcycle,encoding,14,14,70356,70592,236,705.2,288.9
Encode-Decode_Experiment-9-1,2371471,motorcycle,encoding,14,14,70638,71090,452,1150.3,352.5
Encode-Decode_Experiment-9-1,2385851,suitcase,encoding,15,15,71336,71508,172,977.2,568.9
Encode-Decode_Experiment-9-1,2385851,suitcase,encoding,15,15,71536,71928,392,862.1,427.7
Encode-Decode_Experiment-9-1,2385851,suitcase,encoding,15,15,71948,72162,214,834.5,378.2
Encode-Decode_Experiment-9-1,2385851,suitcase,encoding,15,15,72198,72572,374,1111.7,311.2
Encode-Decode_Experiment-9-1,2385851,suitcase,encoding,15,15,72600,72852,252,1081.6,393.7
Encode-Decode_Experiment-9-1,2385851,suitcase,encoding,15,15,72884,73048,164,970.2,379.3
Encode-Decode_Experiment-9-1,2385851,suitcase,encoding,15,15,73078,73326,248,1086.1,514.2
Encode-Decode_Experiment-9-1,2385851,suitcase,encoding,15,15,73354,73510,156,1118.7,611.7
Encode-Decode_Experiment-9-1,2385851,suitcase,encoding,15,15,73548,73916,368,811.4,639.3
Encode-Decode_Experiment-9-1,2385851,suitcase,encoding,15,15,73960,74210,250,902.7,427.5
Encode-Decode_Experiment-9-1,2385851,suitcase,encoding,15,15,74250,74438,188,713.8,363.8
Encode-Decode_Experiment-9-1,2385851,suitcase,encoding,15,15,74466,74900,434,792.3,274.5
Encode-Decode_Experiment-9-1,2385851,suitcase,encoding,15,15,74922,75162,240,901.3,301.9
Encode-Decode_Experiment-9-1,2385851,suitcase,encoding,15,15,75218,75624,406,1333.1,198.9
Encode-Decode_Experiment-9-1,2385851,suitcase,encoding,15,15,75668,75944,276,1237.7,340.5
Encode-Decode_Experiment-9-1,2385851,suitcase,encoding,15,15,76004,76204,200,801.7,375.1
Encode-Decode_Experiment-9-1,2409918,elephant,encoding,16,16,76212,76498,286,968.5,557.1
Encode-Decode_Experiment-9-1,2409918,elephant,encoding,16,16,76546,76830,284,1173.3,360.5
Encode-Decode_Experiment-9-1,2409918,elephant,encoding,16,16,76856,76988,132,1180.5,450.6
Encode-Decode_Experiment-9-1,2409918,elephant,encoding,16,16,77030,77392,362,1551.4,558.8
Encode-Decode_Experiment-9-1,2409918,elephant,encoding,16,16,77430,77562,132,1282.8,657.5
Encode-Decode_Experiment-9-1,2409918,elephant,encoding,16,16,77594,77764,170,1100.0,496.8
Encode-Decode_Experiment-9-1,2409918,elephant,encoding,16,16,77830,78080,250,392.4,635.0
Encode-Decode_Experiment-9-1,2409918,elephant,encoding,16,16,78110,78364,254,316.9,503.1
Encode-Decode_Experiment-9-1,2409918,elephant,encoding,16,16,78422,78608,186,1068.3,540.7
Encode-Decode_Experiment-9-1,2409918,elephant,encoding,16,16,78632,78878,246,1146.8,482.5
Encode-Decode_Experiment-9-1,2409918,elephant,encoding,16,16,78902,79058,156,1073.2,497.8
Encode-Decode_Experiment-9-1,2409918,elephant,encoding,16,16,79082,79172,90,1138.0,460.1
Encode-Decode_Experiment-9-1,2409918,elephant,encoding,16,16,79240,79358,118,397.6,645.6
Encode-Decode_Experiment-9-1,2409918,elephant,encoding,16,16,79384,79556,172,331.0,561.8
Encode-Decode_Experiment-9-1,2409918,elephant,encoding,16,16,79578,79862,284,339.8,522.3
Encode-Decode_Experiment-9-1,2409918,elephant,encoding,16,16,79896,80172,276,330.0,707.3
Encode-Decode_Experiment-9-1,2409918,elephant,encoding,16,16,80200,80498,298,460.0,597.6
Encode-Decode_Experiment-9-1,2409918,elephant,encoding,16,16,80576,80788,212,1398.8,531.3
Encode-Decode_Experiment-9-1,2409918,elephant,encoding,16,16,80818,81040,222,1527.8,576.2
Encode-Decode_Experiment-9-1,2409918,elephant,encoding,16,16,81080,81266,186,1544.8,731.1
Encode-Decode_Experiment-9-1,2379478,baby-milk,encoding,17,17,81296,81390,94,1009.8,580.3
Encode-Decode_Experiment-9-1,2379478,baby-milk,encoding,17,17,81412,81578,166,970.0,589.7
Encode-Decode_Experiment-9-1,2379478,baby-milk,encoding,17,17,81606,81824,218,998.9,480.4
Encode-Decode_Experiment-9-1,2379478,baby-milk,encoding,17,17,81864,82028,164,935.4,345.0
Encode-Decode_Experiment-9-1,2379478,baby-milk,encoding,17,17,82052,82438,386,1014.6,313.5
Encode-Decode_Experiment-9-1,2379478,baby-milk,encoding,17,17,82464,82734,270,1059.8,434.2
Encode-Decode_Experiment-9-1,2379478,baby-milk,encoding,17,17,82762,83068,306,949.8,335.4
Encode-Decode_Experiment-9-1,2379478,baby-milk,encoding,17,17,83094,83338,244,814.7,320.9
Encode-Decode_Experiment-9-1,2379478,baby-milk,encoding,17,17,83386,83626,240,805.7,719.6
Encode-Decode_Experiment-9-1,2379478,baby-milk,encoding,17,17,83654,84016,362,700.3,815.8
Encode-Decode_Experiment-9-1,2379478,baby-milk,encoding,17,17,84034,84194,160,661.6,843.3
Encode-Decode_Experiment-9-1,2379478,baby-milk,encoding,17,17,84246,84672,426,1010.4,690.0
Encode-Decode_Experiment-9-1,2379478,baby-milk,encoding,17,17,84720,85026,306,668.7,853.2
Encode-Decode_Experiment-9-1,2379478,baby-milk,encoding,17,17,85090,85424,334,1040.5,480.2
Encode-Decode_Experiment-9-1,2379478,baby-milk,encoding,17,17,85454,86204,750,881.2,296.1
Encode-Decode_Experiment-9-1,2379478,baby-milk,encoding,17,17,86220,86368,148,929.2,288.8
Encode-Decode_Experiment-9-1,2410309,laptop,encoding,18,18,86376,86680,304,978.9,573.0
Encode-Decode_Experiment-9-1,2410309,laptop,encoding,18,18,86736,86924,188,520.0,473.8
Encode-Decode_Experiment-9-1,2410309,laptop,encoding,18,18,86966,87292,326,587.0,284.2
Encode-Decode_Experiment-9-1,2410309,laptop,encoding,18,18,87304,87586,282,620.8,266.4
Encode-Decode_Experiment-9-1,2410309,laptop,encoding,18,18,87654,87870,216,1237.1,584.5
Encode-Decode_Experiment-9-1,2410309,laptop,encoding,18,18,87928,88038,110,1048.7,878.7
Encode-Decode_Experiment-9-1,2410309,laptop,encoding,18,18,88096,88248,152,1498.8,870.9
Encode-Decode_Experiment-9-1,2410309,laptop,encoding,18,18,88304,88598,294,1045.0,976.8
Encode-Decode_Experiment-9-1,2410309,laptop,encoding,18,18,88618,88776,158,1008.1,982.0
Encode-Decode_Experiment-9-1,2410309,laptop,encoding,18,18,88798,88968,170,1060.0,951.4
Encode-Decode_Experiment-9-1,2410309,laptop,encoding,18,18,89016,89310,294,1403.0,781.5
Encode-Decode_Experiment-9-1,2410309,laptop,encoding,18,18,89354,89684,330,1308.0,644.7
Encode-Decode_Experiment-9-1,2410309,laptop,encoding,18,18,89730,89898,168,1689.8,750.4
Encode-Decode_Experiment-9-1,2410309,laptop,encoding,18,18,89948,90128,180,1570.4,866.5
Encode-Decode_Experiment-9-1,2410309,laptop,encoding,18,18,90182,90312,130,1277.4,666.8
Encode-Decode_Experiment-9-1,2410309,laptop,encoding,18,18,90366,90582,216,626.3,357.5
Encode-Decode_Experiment-9-1,2410309,laptop,encoding,18,18,90608,91068,460,599.7,298.3
Encode-Decode_Experiment-9-1,2410309,laptop,encoding,18,18,91086,91370,284,639.5,283.0
Encode-Decode_Experiment-9-1,2370664,donuts,encoding,19,19,91458,91530,72,950.0,563.4
Encode-Decode_Experiment-9-1,2370664,donuts,encoding,19,19,91540,91876,336,972.9,561.6
Encode-Decode_Experiment-9-1,2370664,donuts,encoding,19,19,91918,92310,392,596.8,678.1
Encode-Decode_Experiment-9-1,2370664,donuts,encoding,19,19,92360,92684,324,1105.1,466.6
Encode-Decode_Experiment-9-1,2370664,donuts,encoding,19,19,92730,92952,222,1512.4,569.8
Encode-Decode_Experiment-9-1,2370664,donuts,encoding,19,19,93000,93354,354,1067.3,424.4
Encode-Decode_Experiment-9-1,2370664,donuts,encoding,19,19,93374,93680,306,1126.3,413.5
Encode-Decode_Experiment-9-1,2370664,donuts,encoding,19,19,93708,93870,162,1017.3,416.5
Encode-Decode_Experiment-9-1,2370664,donuts,encoding,19,19,93898,94098,200,1126.9,413.5
Encode-Decode_Experiment-9-1,2370664,donuts,encoding,19,19,94148,94370,222,1550.0,521.4
Encode-Decode_Experiment-9-1,2370664,donuts,encoding,19,19,94392,94490,98,1562.8,501.5
Encode-Decode_Experiment-9-1,2370664,donuts,encoding,19,19,94562,94858,296,575.5,565.6
Encode-Decode_Experiment-9-1,2370664,donuts,encoding,19,19,94916,95128,212,1130.2,380.9
Encode-Decode_Experiment-9-1,2370664,donuts,encoding,19,19,95150,95610,460,1074.7,411.4
Encode-Decode_Experiment-9-1,2370664,donuts,encoding,19,19,95662,95776,114,1102.0,660.8
Encode-Decode_Experiment-9-1,2370664,donuts,encoding,19,19,95814,96034,220,1100.8,758.2
Encode-Decode_Experiment-9-1,2370664,donuts,encoding,19,19,96092,96284,192,1714.4,920.9
Encode-Decode_Experiment-9-1,2370664,donuts,encoding,19,19,96328,96432,104,1422.0,509.9
Encode-Decode_Experiment-9-1,2370664,donuts,encoding,19,19,96484,96530,46,1067.3,439.9
Encode-Decode_Experiment-9-1,150472,pizza,encoding,20,20,96538,97552,1014,955.0,545.3
Encode-Decode_Experiment-9-1,150472,pizza,encoding,20,20,97598,97918,320,949.8,341.2
Encode-Decode_Experiment-9-1,150472,pizza,encoding,20,20,97984,98322,338,598.9,585.1
Encode-Decode_Experiment-9-1,150472,pizza,encoding,20,20,98342,98506,164,607.8,532.0
Encode-Decode_Experiment-9-1,150472,pizza,encoding,20,20,98530,98662,132,554.1,514.5
Encode-Decode_Experiment-9-1,150472,pizza,encoding,20,20,98702,99082,380,885.8,488.0
Encode-Decode_Experiment-9-1,150472,pizza,encoding,20,20,99138,99356,218,703.4,627.7
Encode-Decode_Experiment-9-1,150472,pizza,encoding,20,20,99404,99702,298,357.6,749.2
Encode-Decode_Experiment-9-1,150472,pizza,encoding,20,20,99734,100042,308,202.0,818.0
Encode-Decode_Experiment-9-1,150472,pizza,encoding,20,20,100072,100298,226,457.2,814.2
Encode-Decode_Experiment-9-1,150472,pizza,encoding,20,20,100326,100692,366,303.1,850.1
Encode-Decode_Experiment-9-1,150472,pizza,encoding,20,20,100748,100954,206,641.0,363.0
Encode-Decode_Experiment-9-1,150472,pizza,encoding,20,20,100980,101110,130,552.1,391.5
Encode-Decode_Experiment-9-1,150472,pizza,encoding,20,20,101164,101414,250,1012.9,310.4
Encode-Decode_Experiment-9-1,150472,pizza,encoding,20,20,101482,101610,128,1298.6,778.5
Encode-Decode_Experiment-9-1,2369373,chef,encoding,21,21,101618,101892,274,969.2,565.0
Encode-Decode_Experiment-9-1,2369373,chef,encoding,21,21,101950,102292,342,462.4,652.8
Encode-Decode_Experiment-9-1,2369373,chef,encoding,21,21,102316,102450,134,382.2,712.9
Encode-Decode_Experiment-9-1,2369373,chef,encoding,21,21,102524,102694,170,1106.9,532.2
Encode-Decode_Experiment-9-1,2369373,chef,encoding,21,21,102718,102966,248,1144.9,587.3
Encode-Decode_Experiment-9-1,2369373,chef,encoding,21,21,103006,103234,228,860.0,325.0
Encode-Decode_Experiment-9-1,2369373,chef,encoding,21,21,103286,103538,252,1109.8,601.7
Encode-Decode_Experiment-9-1,2369373,chef,encoding,21,21,103564,103778,214,1170.9,642.0
Encode-Decode_Experiment-9-1,2369373,chef,encoding,21,21,103804,104042,238,1240.4,669.5
Encode-Decode_Experiment-9-1,2369373,chef,encoding,21,21,104100,104276,176,844.5,854.9
Encode-Decode_Experiment-9-1,2369373,chef,encoding,21,21,104322,104518,196,444.5,832.2
Encode-Decode_Experiment-9-1,2369373,chef,encoding,21,21,104550,104702,152,310.1,776.7
Encode-Decode_Experiment-9-1,2369373,chef,encoding,21,21,104736,105012,276,463.5,637.3
Encode-Decode_Experiment-9-1,2369373,chef,encoding,21,21,105062,105296,234,929.8,315.0
Encode-Decode_Experiment-9-1,2369373,chef,encoding,21,21,105324,105542,218,1072.6,178.2
Encode-Decode_Experiment-9-1,2369373,chef,encoding,21,21,105596,105822,226,1132.7,524.8
Encode-Decode_Experiment-9-1,2369373,chef,encoding,21,21,105868,106096,228,884.6,780.5
Encode-Decode_Experiment-9-1,2369373,chef,encoding,21,21,106138,106474,336,1156.7,595.3
Encode-Decode_Experiment-9-1,2369373,chef,encoding,21,21,106540,106688,148,538.0,605.6
Encode-Decode_Experiment-9-1,2347400,wine,encoding,22,22,106696,106932,236,967.6,529.4
Encode-Decode_Experiment-9-1,2347400,wine,encoding,22,22,106982,107384,402,615.9,503.3
Encode-Decode_Experiment-9-1,2347400,wine,encoding,22,22,107434,107606,172,208.8,633.9
Encode-Decode_Experiment-9-1,2347400,wine,encoding,22,22,107618,107764,146,214.5,657.4
Encode-Decode_Experiment-9-1,2347400,wine,encoding,22,22,107802,108052,250,504.6,483.7
Encode-Decode_Experiment-9-1,2347400,wine,encoding,22,22,108116,108346,230,1217.3,465.9
Encode-Decode_Experiment-9-1,2347400,wine,encoding,22,22,108366,108654,288,1267.8,457.9
Encode-Decode_Experiment-9-1,2347400,wine,encoding,22,22,108674,108868,194,1265.0,422.6
Encode-Decode_Experiment-9-1,2347400,wine,encoding,22,22,108916,109054,138,1092.2,527.5
Encode-Decode_Experiment-9-1,2347400,wine,encoding,22,22,109082,109218,136,1225.3,522.3
Encode-Decode_Experiment-9-1,2347400,wine,encoding,22,22,109246,109390,144,1288.3,430.1
Encode-Decode_Experiment-9-1,2347400,wine,encoding,22,22,109448,109660,212,688.6,481.2
Encode-Decode_Experiment-9-1,2347400,wine,encoding,22,22,109684,109810,126,649.8,484.5
Encode-Decode_Experiment-9-1,2347400,wine,encoding,22,22,109842,110034,192,434.0,452.9
Encode-Decode_Experiment-9-1,2347400,wine,encoding,22,22,110054,110516,462,487.9,436.3
Encode-Decode_Experiment-9-1,2347400,wine,encoding,22,22,110536,110740,204,438.4,481.6
Encode-Decode_Experiment-9-1,2347400,wine,encoding,22,22,110796,110918,122,527.3,660.5
Encode-Decode_Experiment-9-1,2347400,wine,encoding,22,22,110950,111216,266,646.1,800.0
Encode-Decode_Experiment-9-1,2347400,wine,encoding,22,22,111278,111406,128,1248.8,877.3
Encode-Decode_Experiment-9-1,2347400,wine,encoding,22,22,111438,111666,228,1334.2,688.9
Encode-Decode_Experiment-9-1,2347400,wine,encoding,22,22,111718,111768,50,1324.9,464.8
Encode-Decode_Experiment-9-1,2383555,boat,encoding,23,23,111776,112078,302,983.3,580.3
Encode-Decode_Experiment-9-1,2383555,boat,encoding,23,23,112108,112296,188,875.8,466.6
Encode-Decode_Experiment-9-1,2383555,boat,encoding,23,23,112336,112866,530,1143.5,286.8
Encode-Decode_Experiment-9-1,2383555,boat,encoding,23,23,112910,113392,482,1340.6,281.3
Encode-Decode_Experiment-9-1,2383555,boat,encoding,23,23,113422,113836,414,1180.0,245.6
Encode-Decode_Experiment-9-1,2383555,boat,encoding,23,23,113880,114214,334,895.9,352.0
Encode-Decode_Experiment-9-1,2383555,boat,encoding,23,23,114250,114520,270,1150.0,245.3
Encode-Decode_Experiment-9-1,2383555,boat,encoding,23,23,114540,114772,232,1195.7,234.8
Encode-Decode_Experiment-9-1,2383555,boat,encoding,23,23,114788,114974,186,1158.1,240.8
Encode-Decode_Experiment-9-1,2383555,boat,encoding,23,23,115034,115284,250,1497.5,508.7
Encode-Decode_Experiment-9-1,2383555,boat,encoding,23,23,115342,115514,172,867.2,422.5
Encode-Decode_Experiment-9-1,2383555,boat,encoding,23,23,115558,115684,126,732.4,532.0
Encode-Decode_Experiment-9-1,2383555,boat,encoding,23,23,115706,116206,500,799.8,522.8
Encode-Decode_Experiment-9-1,2383555,boat,encoding,23,23,116232,116424,192,717.5,471.6
Encode-Decode_Experiment-9-1,2383555,boat,encoding,23,23,116468,116678,210,1135.4,304.8
Encode-Decode_Experiment-9-1,2383555,boat,encoding,23,23,116700,116846,146,1163.4,259.4
Encode-Decode_Experiment-9-1,2356125,airport,encoding,24,24,116922,117152,230,970.2,574.0
Encode-Decode_Experiment-9-1,2356125,airport,encoding,24,24,117180,117430,250,1105.5,535.7
Encode-Decode_Experiment-9-1,2356125,airport,encoding,24,24,117458,117688,230,1206.9,671.6
Encode-Decode_Experiment-9-1,2356125,airport,encoding,24,24,117754,118072,318,548.8,795.3
Encode-Decode_Experiment-9-1,2356125,airport,encoding,24,24,118114,118292,178,575.2,526.5
Encode-Decode_Experiment-9-1,2356125,airport,encoding,24,24,118326,118518,192,366.5,505.5
Encode-Decode_Experiment-9-1,2356125,airport,encoding,24,24,118572,118806,234,156.0,684.1
Encode-Decode_Experiment-9-1,2356125,airport,encoding,24,24,118880,119208,328,1165.3,603.6
Encode-Decode_Experiment-9-1,2356125,airport,encoding,24,24,119238,119466,228,1102.5,485.2
Encode-Decode_Experiment-9-1,2356125,airport,encoding,24,24,119508,119804,296,1398.2,476.2
Encode-Decode_Experiment-9-1,2356125,airport,encoding,24,24,119848,120034,186,1119.1,636.0
Encode-Decode_Experiment-9-1,2356125,airport,encoding,24,24,120062,120200,138,957.8,676.7
Encode-Decode_Experiment-9-1,2356125,airport,encoding,24,24,120246,120464,218,572.3,667.0
Encode-Decode_Experiment-9-1,2356125,airport,encoding,24,24,120492,120672,180,352.7,746.8
Encode-Decode_Experiment-9-1,2356125,airport,encoding,24,24,120716,120938,222,627.2,468.3
Encode-Decode_Experiment-9-1,2356125,airport,encoding,24,24,120980,121180,200,348.5,506.7
Encode-Decode_Experiment-9-1,2356125,airport,encoding,24,24,121198,121416,218,385.0,484.2
Encode-Decode_Experiment-9-1,2356125,airport,encoding,24,24,121460,121702,242,147.5,713.3
Encode-Decode_Experiment-9-1,2356125,airport,encoding,24,24,121750,121882,132,626.7,490.1
Encode-Decode_Experiment-9-1,2387122,polar bear,encoding,25,25,121936,122240,304,918.7,578.2
Encode-Decode_Experiment-9-1,2387122,polar bear,encoding,25,25,122274,122484,210,1065.8,442.7
Encode-Decode_Experiment-9-1,2387122,polar bear,encoding,25,25,122526,122698,172,1035.2,558.8
Encode-Decode_Experiment-9-1,2387122,polar bear,encoding,25,25,122734,123344,610,1162.0,926.1
Encode-Decode_Experiment-9-1,2387122,polar bear,encoding,25,25,123392,123586,194,690.3,789.6
Encode-Decode_Experiment-9-1,2387122,polar bear,encoding,25,25,123612,123980,368,730.6,689.4
Encode-Decode_Experiment-9-1,2387122,polar bear,encoding,25,25,124016,124376,360,892.2,951.6
Encode-Decode_Experiment-9-1,2387122,polar bear,encoding,25,25,124408,124626,218,680.7,723.9
Encode-Decode_Experiment-9-1,2387122,polar bear,encoding,25,25,124648,124796,148,699.7,682.7
Encode-Decode_Experiment-9-1,2387122,polar bear,encoding,25,25,124842,125206,364,1058.7,415.0
Encode-Decode_Experiment-9-1,2387122,polar bear,encoding,25,25,125230,125592,362,1143.1,382.4
Encode-Decode_Experiment-9-1,2387122,polar bear,encoding,25,25,125622,126080,458,1030.3,587.5
Encode-Decode_Experiment-9-1,2387122,polar bear,encoding,25,25,126124,126394,270,1071.2,331.3
Encode-Decode_Experiment-9-1,2387122,polar bear,encoding,25,25,126434,126666,232,857.2,233.0
Encode-Decode_Experiment-9-1,2387122,polar bear,encoding,25,25,126708,126876,168,1145.0,394.4
Encode-Decode_Experiment-9-1,2412687,dog,encoding,26,26,127020,127380,360,938.4,564.7
Encode-Decode_Experiment-9-1,2412687,dog,encoding,26,26,127422,127676,254,890.5,643.7
Encode-Decode_Experiment-9-1,2412687,dog,encoding,26,26,127704,127864,160,1005.2,581.7
Encode-Decode_Experiment-9-1,2412687,dog,encoding,26,26,127922,128080,158,1570.5,204.8
Encode-Decode_Experiment-9-1,2412687,dog,encoding,26,26,128112,128374,262,1756.0,102.8
Encode-Decode_Experiment-9-1,2412687,dog,encoding,26,26,128450,128638,188,864.1,706.6
Encode-Decode_Experiment-9-1,2412687,dog,encoding,26,26,128656,128908,252,899.8,670.6
Encode-Decode_Experiment-9-1,2412687,dog,encoding,26,26,128944,129104,160,1130.8,896.1
Encode-Decode_Experiment-9-1,2412687,dog,encoding,26,26,129172,129324,152,1557.2,463.5
Encode-Decode_Experiment-9-1,2412687,dog,encoding,26,26,129364,129534,170,1675.2,163.0
Encode-Decode_Experiment-9-1,2412687,dog,encoding,26,26,129558,129728,170,1713.9,97.8
Encode-Decode_Experiment-9-1,2412687,dog,encoding,26,26,129800,130028,228,1524.9,953.0
Encode-Decode_Experiment-9-1,2412687,dog,encoding,26,26,130054,130268,214,1363.0,1005.0
Encode-Decode_Experiment-9-1,2412687,dog,encoding,26,26,130288,130778,490,1403.2,1022.7
Encode-Decode_Experiment-9-1,2412687,dog,encoding,26,26,130826,131008,182,1030.9,584.5
Encode-Decode_Experiment-9-1,2412687,dog,encoding,26,26,131034,131464,430,928.6,647.8
Encode-Decode_Experiment-9-1,2412687,dog,encoding,26,26,131490,131674,184,1034.7,567.9
Encode-Decode_Experiment-9-1,2412687,dog,encoding,26,26,131728,131912,184,1620.7,195.5
Encode-Decode_Experiment-9-1,2412687,dog,encoding,26,26,131944,132066,122,1754.8,138.7
Encode-Decode_Experiment-9-1,2385550,tangerines,encoding,27,27,132330,132414,84,973.3,526.3
Encode-Decode_Experiment-9-1,2385550,tangerines,encoding,27,27,132466,132624,158,581.0,554.4
Encode-Decode_Experiment-9-1,2385550,tangerines,encoding,27,27,132650,132818,168,519.3,596.3
Encode-Decode_Experiment-9-1,2385550,tangerines,encoding,27,27,132896,133170,274,1326.6,637.7
Encode-Decode_Experiment-9-1,2385550,tangerines,encoding,27,27,133200,133462,262,1410.1,495.2
Encode-Decode_Experiment-9-1,2385550,tangerines,encoding,27,27,133492,133728,236,1287.3,476.0
Encode-Decode_Experiment-9-1,2385550,tangerines,encoding,27,27,133794,134120,326,616.3,479.1
Encode-Decode_Experiment-9-1,2385550,tangerines,encoding,27,27,134138,134344,206,672.4,464.2
Encode-Decode_Experiment-9-1,2385550,tangerines,encoding,27,27,134404,134658,254,970.2,682.1
Encode-Decode_Experiment-9-1,2385550,tangerines,encoding,27,27,134702,134990,288,540.5,621.0
Encode-Decode_Experiment-9-1,2385550,tangerines,encoding,27,27,135020,135202,182,478.4,793.0
Encode-Decode_Experiment-9-1,2385550,tangerines,encoding,27,27,135246,135372,126,749.8,782.7
Encode-Decode_Experiment-9-1,2385550,tangerines,encoding,27,27,135440,135592,152,1369.1,591.1
Encode-Decode_Experiment-9-1,2385550,tangerines,encoding,27,27,135634,135860,226,1414.9,446.4
Encode-Decode_Experiment-9-1,2385550,tangerines,encoding,27,27,135932,136148,216,625.9,464.7
Encode-Decode_Experiment-9-1,2385550,tangerines,encoding,27,27,136220,136448,228,1298.8,520.7
Encode-Decode_Experiment-9-1,2385550,tangerines,encoding,27,27,136514,136642,128,670.0,492.6
Encode-Decode_Experiment-9-1,2385550,tangerines,encoding,27,27,136702,137178,476,1271.3,472.6
Encode-Decode_Experiment-9-1,2348899,tie,encoding,28,28,137186,137218,32,978.0,498.7
Encode-Decode_Experiment-9-1,2348899,tie,encoding,28,28,137230,137510,280,991.9,526.2
Encode-Decode_Experiment-9-1,2348899,tie,encoding,28,28,137540,137692,152,844.5,590.4
Encode-Decode_Experiment-9-1,2348899,tie,encoding,28,28,137744,138048,304,454.2,543.4
Encode-Decode_Experiment-9-1,2348899,tie,encoding,28,28,138088,138248,160,192.7,678.2
Encode-Decode_Experiment-9-1,2348899,tie,encoding,28,28,138290,138476,186,529.8,540.6
Encode-Decode_Experiment-9-1,2348899,tie,encoding,28,28,138530,138658,128,896.8,619.5
Encode-Decode_Experiment-9-1,2348899,tie,encoding,28,28,138682,138876,194,839.7,612.1
Encode-Decode_Experiment-9-1,2348899,tie,encoding,28,28,138910,139094,184,947.9,786.7
Encode-Decode_Experiment-9-1,2348899,tie,encoding,28,28,139138,139400,262,824.8,597.6
Encode-Decode_Experiment-9-1,2348899,tie,encoding,28,28,139412,139666,254,861.1,588.1
Encode-Decode_Experiment-9-1,2348899,tie,encoding,28,28,139694,139888,194,996.9,773.7
Encode-Decode_Experiment-9-1,2348899,tie,encoding,28,28,139926,140296,370,977.8,871.1
Encode-Decode_Experiment-9-1,2348899,tie,encoding,28,28,140314,140670,356,1028.1,905.9
Encode-Decode_Experiment-9-1,2348899,tie,encoding,28,28,140730,140896,166,603.2,501.2
Encode-Decode_Experiment-9-1,2348899,tie,encoding,28,28,140928,141162,234,652.3,324.2
Encode-Decode_Experiment-9-1,2348899,tie,encoding,28,28,141214,141416,202,449.0,540.1
Encode-Decode_Experiment-9-1,2348899,tie,encoding,28,28,141440,141654,214,545.9,544.1
Encode-Decode_Experiment-9-1,2348899,tie,encoding,28,28,141702,141932,230,212.2,678.3
Encode-Decode_Experiment-9-1,2348899,tie,encoding,28,28,141948,142180,232,263.7,685.0
Encode-Decode_Experiment-9-1,2397102,cake,encoding,29,29,142268,142596,328,975.2,562.4
Encode-Decode_Experiment-9-1,2397102,cake,encoding,29,29,142632,142984,352,916.0,907.3
Encode-Decode_Experiment-9-1,2397102,cake,encoding,29,29,143012,143502,490,842.7,961.8
Encode-Decode_Experiment-9-1,2397102,cake,encoding,29,29,143518,143950,432,839.7,911.5
Encode-Decode_Experiment-9-1,2397102,cake,encoding,29,29,143960,144230,270,829.6,919.5
Encode-Decode_Experiment-9-1,2397102,cake,encoding,29,29,144374,144448,74,869.0,899.3
Encode-Decode_Experiment-9-1,2397102,cake,encoding,29,29,144508,144748,240,1072.5,253.0
Encode-Decode_Experiment-9-1,2397102,cake,encoding,29,29,144806,145088,282,599.9,318.1
Encode-Decode_Experiment-9-1,2397102,cake,encoding,29,29,145154,145412,258,861.5,853.9
Encode-Decode_Experiment-9-1,2397102,cake,encoding,29,29,145452,145852,400,850.9,957.3
Encode-Decode_Experiment-9-1,2397102,cake,encoding,29,29,145884,146360,476,1030.2,917.5
Encode-Decode_Experiment-9-1,2397102,cake,encoding,29,29,146376,146656,280,1081.6,955.1
Encode-Decode_Experiment-9-1,2397102,cake,encoding,29,29,146702,146924,222,1202.0,499.3
Encode-Decode_Experiment-9-1,2397102,cake,encoding,29,29,146978,147168,190,1114.9,294.0
Encode-Decode_Experiment-9-1,2397102,cake,encoding,29,29,147186,147344,158,1095.9,258.7
Encode-Decode_Experiment-9-1,2350974,drink,encoding,30,30,147352,147588,236,987.7,571.7
Encode-Decode_Experiment-9-1,2350974,drink,encoding,30,30,147632,147748,116,813.7,402.7
Encode-Decode_Experiment-9-1,2350974,drink,encoding,30,30,147774,148606,832,744.8,384.6
Encode-Decode_Experiment-9-1,2350974,drink,encoding,30,30,148632,148972,340,566.9,397.3
Encode-Decode_Experiment-9-1,2350974,drink,encoding,30,30,149010,149306,296,768.7,341.5
Encode-Decode_Experiment-9-1,2350974,drink,encoding,30,30,149362,149612,250,1085.2,477.3
Encode-Decode_Experiment-9-1,2350974,drink,encoding,30,30,149666,149824,158,1215.3,579.8
Encode-Decode_Experiment-9-1,2350974,drink,encoding,30,30,149888,150030,142,783.2,367.4
Encode-Decode_Experiment-9-1,2350974,drink,encoding,30,30,150054,151122,1068,723.3,359.3
Encode-Decode_Experiment-9-1,2350974,drink,encoding,30,30,151136,151374,238,739.9,331.9
Encode-Decode_Experiment-9-1,2350974,drink,encoding,30,30,151398,151550,152,688.0,364.0
Encode-Decode_Experiment-9-1,2350974,drink,encoding,30,30,151586,151838,252,452.3,400.9
Encode-Decode_Experiment-9-1,2350974,drink,encoding,30,30,151866,152072,206,309.4,340.7
Encode-Decode_Experiment-9-1,2350974,drink,encoding,30,30,152136,152324,188,1093.2,480.2
Encode-Decode_Experiment-9-1,2350974,drink,encoding,30,30,152350,152426,76,985.6,517.3
Encode-Decode_Experiment-9-1,2360001,clock,decoding,1,31,152434,152502,68,860.9,96.3
Encode-Decode_Experiment-9-1,2360001,clock,decoding,1,31,152522,152750,228,955.0,117.5
Encode-Decode_Experiment-9-1,2360001,clock,decoding,1,31,152806,153688,882,1012.0,446.6
Encode-Decode_Experiment-9-1,2360001,clock,decoding,1,31,153724,154072,348,937.1,479.9
Encode-Decode_Experiment-9-1,2360001,clock,decoding,1,31,154090,154594,504,961.0,485.4
Encode-Decode_Experiment-9-1,2360001,clock,decoding,1,31,154634,154884,250,771.4,476.8
Encode-Decode_Experiment-9-1,2360001,clock,decoding,1,31,154910,155172,262,918.3,452.8
Encode-Decode_Experiment-9-1,2360001,clock,decoding,1,31,155182,155578,396,905.9,454.7
Encode-Decode_Experiment-9-1,2360001,clock,decoding,1,31,155592,155752,160,932.3,448.5
Encode-Decode_Experiment-9-1,2360001,clock,decoding,1,31,155766,156952,1186,895.3,448.7
Encode-Decode_Experiment-9-1,2360001,clock,decoding,1,31,156972,157208,236,983.8,470.1
Encode-Decode_Experiment-9-1,2360001,clock,decoding,1,31,157228,157408,180,937.0,443.1
Encode-Decode_Experiment-9-1,2360001,clock,decoding,1,31,157590,157784,194,915.2,430.3
Encode-Decode_Experiment-9-1,2360001,clock,decoding,1,31,157804,157936,132,883.8,434.8
Encode-Decode_Experiment-9-1,2360001,clock,decoding,1,31,157946,158240,294,912.1,424.9
Encode-Decode_Experiment-9-1,2360001,clock,decoding,1,31,158258,158532,274,896.6,428.5
Encode-Decode_Experiment-9-1,2360001,clock,decoding,1,31,158542,158962,420,907.4,426.9
Encode-Decode_Experiment-9-1,2360001,clock,decoding,1,31,158982,159064,82,840.7,418.9
Encode-Decode_Experiment-9-1,2360001,clock,decoding,1,31,159100,159220,120,916.3,416.6
Encode-Decode_Experiment-9-1,2360001,clock,decoding,1,31,159242,159492,250,881.9,425.8
Encode-Decode_Experiment-9-1,2348899,tie,decoding,2,32,159500,160200,700,973.0,565.6
Encode-Decode_Experiment-9-1,2348899,tie,decoding,2,32,160240,160418,178,806.5,569.1
Encode-Decode_Experiment-9-1,2348899,tie,decoding,2,32,160436,160704,268,861.7,552.5
Encode-Decode_Experiment-9-1,2348899,tie,decoding,2,32,160716,161036,320,850.7,543.6
Encode-Decode_Experiment-9-1,2348899,tie,decoding,2,32,161050,161370,320,883.9,521.5
Encode-Decode_Experiment-9-1,2348899,tie,decoding,2,32,163716,164128,412,935.0,580.3
Encode-Decode_Experiment-9-1,2348899,tie,decoding,2,32,164162,164372,210,812.4,576.9
Encode-Decode_Experiment-9-1,2348899,tie,decoding,2,32,164384,164808,424,834.6,575.7
Encode-Decode_Experiment-9-1,2348899,tie,decoding,2,32,166332,166544,212,995.8,479.0
Encode-Decode_Experiment-9-1,2379478,baby-milk,decoding,3,33,166774,167112,338,930.6,555.3
Encode-Decode_Experiment-9-1,2379478,baby-milk,decoding,3,33,167166,167392,226,1392.9,447.0
Encode-Decode_Experiment-9-1,2379478,baby-milk,decoding,3,33,167438,167728,290,1741.2,275.9
Encode-Decode_Experiment-9-1,2379478,baby-milk,decoding,3,33,167740,168702,962,1771.2,266.8
Encode-Decode_Experiment-9-1,2379478,baby-milk,decoding,3,33,168718,169018,300,1774.8,235.2
Encode-Decode_Experiment-9-1,2379478,baby-milk,decoding,3,33,169098,169406,308,872.6,223.6
Encode-Decode_Experiment-9-1,2379478,baby-milk,decoding,3,33,169452,169850,398,945.6,582.8
Encode-Decode_Experiment-9-1,2379478,baby-milk,decoding,3,33,169876,170152,276,844.4,541.6
Encode-Decode_Experiment-9-1,150472,pizza,decoding,4,34,173608,173992,384,966.6,543.1
Encode-Decode_Experiment-9-1,150472,pizza,decoding,4,34,174484,174780,296,1285.8,402.2
Encode-Decode_Experiment-9-1,150472,pizza,decoding,4,34,174838,175066,228,853.7,446.2
Encode-Decode_Experiment-9-1,150472,pizza,decoding,4,34,175090,175424,334,808.2,509.5
Encode-Decode_Experiment-9-1,150472,pizza,decoding,4,34,175614,176030,416,795.1,517.3
Encode-Decode_Experiment-9-1,150472,pizza,decoding,4,34,176044,176290,246,807.6,554.8
Encode-Decode_Experiment-9-1,150472,pizza,decoding,4,34,177022,177312,290,991.2,392.5
Encode-Decode_Experiment-9-1,150472,pizza,decoding,4,34,177356,177588,232,734.9,449.1
Encode-Decode_Experiment-9-1,150472,pizza,decoding,4,34,177616,177898,282,856.5,536.7
Encode-Decode_Experiment-9-1,150472,pizza,decoding,4,34,178092,178420,328,913.2,554.7
Encode-Decode_Experiment-9-1,150472,pizza,decoding,4,34,178436,178698,262,867.7,574.9
Encode-Decode_Experiment-9-1,150472,pizza,decoding,4,34,178718,179002,284,953.4,564.4
Encode-Decode_Experiment-9-1,150472,pizza,decoding,4,34,179024,179268,244,1056.2,524.7
Encode-Decode_Experiment-9-1,150472,pizza,decoding,4,34,179294,179762,468,874.0,535.9
Encode-Decode_Experiment-9-1,150472,pizza,decoding,4,34,179780,180338,558,818.7,555.6
Encode-Decode_Experiment-9-1,150472,pizza,decoding,4,34,180386,180650,264,1032.0,541.4
Encode-Decode_Experiment-9-1,2386442,teeth,decoding,5,35,180658,180774,116,959.3,592.5
Encode-Decode_Experiment-9-1,2386442,teeth,decoding,5,35,181008,181194,186,915.0,540.8
Encode-Decode_Experiment-9-1,2386442,teeth,decoding,5,35,181396,181766,370,814.4,559.6
Encode-Decode_Experiment-9-1,2386442,teeth,decoding,5,35,181810,182162,352,1094.0,529.0
Encode-Decode_Experiment-9-1,2386442,teeth,decoding,5,35,182202,182424,222,842.8,545.6
Encode-Decode_Experiment-9-1,2386442,teeth,decoding,5,35,182448,183476,1028,805.1,561.7
Encode-Decode_Experiment-9-1,2386442,teeth,decoding,5,35,183678,183910,232,812.7,563.9
Encode-Decode_Experiment-9-1,2386442,teeth,decoding,5,35,183922,184226,304,844.1,570.7
Encode-Decode_Experiment-9-1,2386442,teeth,decoding,5,35,184244,184518,274,819.7,562.0
Encode-Decode_Experiment-9-1,2386442,teeth,decoding,5,35,184526,184690,164,834.5,566.9
Encode-Decode_Experiment-9-1,2386442,teeth,decoding,5,35,184880,185094,214,1100.2,510.5
Encode-Decode_Experiment-9-1,2386442,teeth,decoding,5,35,185140,186514,1374,833.5,553.6
Encode-Decode_Experiment-9-1,2386442,teeth,decoding,5,35,186776,187064,288,830.8,491.2
Encode-Decode_Experiment-9-1,2386442,teeth,decoding,5,35,187084,187250,166,795.4,546.9
Encode-Decode_Experiment-9-1,2386442,teeth,decoding,5,35,187264,187710,446,823.1,563.6
Encode-Decode_Experiment-9-1,2350974,drink,decoding,6,36,187836,188092,256,891.5,576.9
Encode-Decode_Experiment-9-1,2350974,drink,decoding,6,36,188120,188360,240,1055.9,556.9
Encode-Decode_Experiment-9-1,2350974,drink,decoding,6,36,188782,188982,200,1054.6,580.7
Encode-Decode_Experiment-9-1,2350974,drink,decoding,6,36,189008,189480,472,892.3,519.6
Encode-Decode_Experiment-9-1,2350974,drink,decoding,6,36,189498,189976,478,952.1,507.1
Encode-Decode_Experiment-9-1,2350974,drink,decoding,6,36,189994,190190,196,991.8,534.0
Encode-Decode_Experiment-9-1,2350974,drink,decoding,6,36,190234,190500,266,735.2,546.6
Encode-Decode_Experiment-9-1,2350974,drink,decoding,6,36,190524,191192,668,808.3,549.3
Encode-Decode_Experiment-9-1,2350974,drink,decoding,6,36,192144,192620,476,870.4,555.5
Encode-Decode_Experiment-9-1,2350974,drink,decoding,6,36,192642,193222,580,970.2,516.4
Encode-Decode_Experiment-9-1,2350974,drink,decoding,6,36,193236,193846,610,996.6,506.3
Encode-Decode_Experiment-9-1,2350974,drink,decoding,6,36,193890,194096,206,749.1,528.1
Encode-Decode_Experiment-9-1,2350974,drink,decoding,6,36,194120,194444,324,832.8,523.5
Encode-Decode_Experiment-9-1,2350974,drink,decoding,6,36,194464,194760,296,810.3,567.6
Encode-Decode_Experiment-9-1,2397102,cake,decoding,7,37,194768,195164,396,961.5,552.9
Encode-Decode_Experiment-9-1,2397102,cake,decoding,7,37,195362,195570,208,881.4,545.0
Encode-Decode_Experiment-9-1,2397102,cake,decoding,7,37,195806,195888,82,870.8,599.2
Encode-Decode_Experiment-9-1,2397102,cake,decoding,7,37,196126,196284,158,870.3,531.5
Encode-Decode_Experiment-9-1,2397102,cake,decoding,7,37,196310,196680,370,792.2,554.4
Encode-Decode_Experiment-9-1,2397102,cake,decoding,7,37,196698,196902,204,844.7,548.3
Encode-Decode_Experiment-9-1,2397102,cake,decoding,7,37,196922,197848,926,795.1,555.2
Encode-Decode_Experiment-9-1,2397102,cake,decoding,7,37,197870,198048,178,935.9,535.6
Encode-Decode_Experiment-9-1,2397102,cake,decoding,7,37,198240,198478,238,759.2,528.1
Encode-Decode_Experiment-9-1,2397102,cake,decoding,7,37,198494,198878,384,799.5,548.6
Encode-Decode_Experiment-9-1,2397102,cake,decoding,7,37,198928,199070,142,1176.3,649.3
Encode-Decode_Experiment-9-1,2397102,cake,decoding,7,37,199130,199342,212,753.4,433.4
Encode-Decode_Experiment-9-1,2397102,cake,decoding,7,37,199366,199704,338,806.1,497.5
Encode-Decode_Experiment-9-1,2397102,cake,decoding,7,37,199906,200258,352,815.5,522.9
Encode-Decode_Experiment-9-1,2397102,cake,decoding,7,37,200278,200542,264,759.6,543.0
Encode-Decode_Experiment-9-1,2397102,cake,decoding,7,37,200562,200830,268,809.4,566.1
Encode-Decode_Experiment-9-1,2397102,cake,decoding,7,37,200844,201158,314,795.3,563.7
Encode-Decode_Experiment-9-1,2397102,cake,decoding,7,37,201178,201348,170,846.8,572.1
Encode-Decode_Experiment-9-1,2397102,cake,decoding,7,37,201362,201532,170,818.2,579.5
Encode-Decode_Experiment-9-1,2397102,cake,decoding,7,37,201728,201834,106,985.2,429.3
Encode-Decode_Experiment-9-1,2349475,blender,decoding,8,38,201904,202376,472,902.6,579.1
Encode-Decode_Experiment-9-1,2349475,blender,decoding,8,38,202398,202860,462,882.1,547.2
Encode-Decode_Experiment-9-1,2349475,blender,decoding,8,38,202882,203734,852,790.9,557.6
Encode-Decode_Experiment-9-1,2349475,blender,decoding,8,38,203776,204026,250,1002.7,504.6
Encode-Decode_Experiment-9-1,2349475,blender,decoding,8,38,204068,204232,164,798.4,534.5
Encode-Decode_Experiment-9-1,2349475,blender,decoding,8,38,204436,206324,1888,809.4,567.7
Encode-Decode_Experiment-9-1,2349475,blender,decoding,8,38,206492,207250,758,815.0,542.4
Encode-Decode_Experiment-9-1,2349475,blender,decoding,8,38,207272,207402,130,765.4,567.1
Encode-Decode_Experiment-9-1,2349475,blender,decoding,8,38,207428,207886,458,851.2,592.3
Encode-Decode_Experiment-9-1,2349475,blender,decoding,8,38,208070,208298,228,828.6,581.3
Encode-Decode_Experiment-9-1,2349475,blender,decoding,8,38,208524,208834,310,768.0,578.5
Encode-Decode_Experiment-9-1,2349475,blender,decoding,8,38,208860,208904,44,900.0,537.9
Encode-Decode_Experiment-9-1,2345035,football,decoding,9,39,208912,209504,592,994.4,547.7
Encode-Decode_Experiment-9-1,2345035,football,decoding,9,39,209528,209850,322,861.3,560.0
Encode-Decode_Experiment-9-1,2345035,football,decoding,9,39,210328,210846,518,960.1,486.5
Encode-Decode_Experiment-9-1,2345035,football,decoding,9,39,210870,211092,222,824.3,551.9
Encode-Decode_Experiment-9-1,2345035,football,decoding,9,39,211116,211874,758,930.0,522.6
Encode-Decode_Experiment-9-1,2345035,football,decoding,9,39,211894,212066,172,842.5,547.2
Encode-Decode_Experiment-9-1,2345035,football,decoding,9,39,212304,212894,590,817.2,379.1
Encode-Decode_Experiment-9-1,2345035,football,decoding,9,39,212920,213154,234,742.1,515.8
Encode-Decode_Experiment-9-1,2345035,football,decoding,9,39,213182,213828,646,860.5,543.8
Encode-Decode_Experiment-9-1,2345035,football,decoding,9,39,213850,214276,426,776.7,544.7
Encode-Decode_Experiment-9-1,2345035,football,decoding,9,39,214304,214908,604,907.1,521.2
Encode-Decode_Experiment-9-1,2345035,football,decoding,9,39,214934,215346,412,771.7,578.7
Encode-Decode_Experiment-9-1,2345035,football,decoding,9,39,215356,215782,426,792.6,567.8
Encode-Decode_Experiment-9-1,2345035,football,decoding,9,39,215818,215954,136,722.3,481.6
Encode-Decode_Experiment-9-1,2383555,boat,decoding,10,40,215962,216024,62,957.0,568.4
Encode-Decode_Experiment-9-1,2383555,boat,decoding,10,40,216232,216348,116,949.1,560.7
Encode-Decode_Experiment-9-1,2383555,boat,decoding,10,40,217944,218138,194,862.0,304.1
Encode-Decode_Experiment-9-1,2383555,boat,decoding,10,40,218184,218380,196,972.0,463.2
Encode-Decode_Experiment-9-1,2383555,boat,decoding,10,40,218408,218572,164,852.9,503.5
Encode-Decode_Experiment-9-1,2383555,boat,decoding,10,40,218598,218778,180,763.3,555.9
Encode-Decode_Experiment-9-1,2383555,boat,decoding,10,40,218790,220176,1386,781.5,575.1
Encode-Decode_Experiment-9-1,2383555,boat,decoding,10,40,220200,220824,624,893.7,539.3
Encode-Decode_Experiment-9-1,2383555,boat,decoding,10,40,220846,221318,472,939.9,493.5
Encode-Decode_Experiment-9-1,2383555,boat,decoding,10,40,221530,221810,280,860.8,491.5
Encode-Decode_Experiment-9-1,2383555,boat,decoding,10,40,221832,222156,324,787.8,525.2
Encode-Decode_Experiment-9-1,2383555,boat,decoding,10,40,222406,222770,364,864.4,549.1
Encode-Decode_Experiment-9-1,2371471,motorcycle,decoding,11,41,223010,223434,424,905.1,564.8
Encode-Decode_Experiment-9-1,2371471,motorcycle,decoding,11,41,223656,223924,268,854.7,533.4
Encode-Decode_Experiment-9-1,2371471,motorcycle,decoding,11,41,223948,224410,462,796.3,566.3
Encode-Decode_Experiment-9-1,2371471,motorcycle,decoding,11,41,224426,224626,200,831.7,573.1
Encode-Decode_Experiment-9-1,2371471,motorcycle,decoding,11,41,224644,225026,382,784.2,583.7
Encode-Decode_Experiment-9-1,2371471,motorcycle,decoding,11,41,225042,225358,316,820.8,582.1
Encode-Decode_Experiment-9-1,2371471,motorcycle,decoding,11,41,227040,227160,120,1400.0,830.4
Encode-Decode_Experiment-9-1,2371471,motorcycle,decoding,11,41,229530,229700,170,812.6,499.7
Encode-Decode_Experiment-9-1,2371471,motorcycle,decoding,11,41,229746,229988,242,937.3,361.1
Encode-Decode_Experiment-9-1,2371471,motorcycle,decoding,11,41,230026,230054,28,772.3,417.4
Encode-Decode_Experiment-9-1,2410309,laptop,decoding,12,42,230062,230380,318,981.4,587.9
Encode-Decode_Experiment-9-1,2410309,laptop,decoding,12,42,230768,231100,332,912.1,547.1
Encode-Decode_Experiment-9-1,2410309,laptop,decoding,12,42,231124,231312,188,766.5,577.3
Encode-Decode_Experiment-9-1,2410309,laptop,decoding,12,42,231332,231592,260,816.7,582.6
Encode-Decode_Experiment-9-1,2410309,laptop,decoding,12,42,231644,231778,134,385.3,584.2
Encode-Decode_Experiment-9-1,2410309,laptop,decoding,12,42,231824,232306,482,899.9,509.1
Encode-Decode_Experiment-9-1,2410309,laptop,decoding,12,42,232330,232476,146,848.4,467.3
Encode-Decode_Experiment-9-1,2410309,laptop,decoding,12,42,232488,232746,258,868.5,464.1
Encode-Decode_Experiment-9-1,2410309,laptop,decoding,12,42,232808,233066,258,1562.7,298.6
Encode-Decode_Experiment-9-1,2410309,laptop,decoding,12,42,233138,233440,302,774.0,587.3
Encode-Decode_Experiment-9-1,2410309,laptop,decoding,12,42,233458,233932,474,845.9,568.0
Encode-Decode_Experiment-9-1,2410309,laptop,decoding,12,42,234158,234386,228,890.3,551.2
Encode-Decode_Experiment-9-1,2410309,laptop,decoding,12,42,234412,235020,608,796.9,560.9
Encode-Decode_Experiment-9-1,2410309,laptop,decoding,12,42,235070,235456,386,471.3,560.0
Encode-Decode_Experiment-9-1,2410309,laptop,decoding,12,42,235506,236036,530,892.1,513.8
Encode-Decode_Experiment-9-1,2410309,laptop,decoding,12,42,236062,236276,214,769.3,527.3
Encode-Decode_Experiment-9-1,2410309,laptop,decoding,12,42,236294,236642,348,795.2,560.3
Encode-Decode_Experiment-9-1,2410309,laptop,decoding,12,42,236804,237104,300,802.3,572.9
Encode-Decode_Experiment-9-1,2374670,spray-vehicle,decoding,13,43,237320,237750,430,949.9,537.4
Encode-Decode_Experiment-9-1,2374670,spray-vehicle,decoding,13,43,237776,237996,220,784.4,549.0
Encode-Decode_Experiment-9-1,2374670,spray-vehicle,decoding,13,43,238012,238476,464,807.2,557.6
Encode-Decode_Experiment-9-1,2374670,spray-vehicle,decoding,13,43,238928,239240,312,965.5,546.8
Encode-Decode_Experiment-9-1,2374670,spray-vehicle,decoding,13,43,239286,239426,140,780.8,561.2
Encode-Decode_Experiment-9-1,2374670,spray-vehicle,decoding,13,43,239664,239862,198,826.2,580.5
Encode-Decode_Experiment-9-1,2374670,spray-vehicle,decoding,13,43,239882,240622,740,787.0,580.1
Encode-Decode_Experiment-9-1,2374670,spray-vehicle,decoding,13,43,240652,240884,232,869.2,567.4
Encode-Decode_Experiment-9-1,2374670,spray-vehicle,decoding,13,43,240908,241140,232,767.1,560.1
Encode-Decode_Experiment-9-1,2374670,spray-vehicle,decoding,13,43,241162,241492,330,800.2,565.1
Encode-Decode_Experiment-9-1,2374670,spray-vehicle,decoding,13,43,241700,242464,764,885.8,564.4
Encode-Decode_Experiment-9-1,2374670,spray-vehicle,decoding,13,43,242648,242812,164,828.1,620.1
Encode-Decode_Experiment-9-1,2374670,spray-vehicle,decoding,13,43,242832,243432,600,807.9,585.6
Encode-Decode_Experiment-9-1,2374670,spray-vehicle,decoding,13,43,243450,243640,190,868.2,565.5
Encode-Decode_Experiment-9-1,2374670,spray-vehicle,decoding,13,43,243660,243934,274,839.8,564.5
Encode-Decode_Experiment-9-1,2374670,spray-vehicle,decoding,13,43,243956,244170,214,809.7,567.9
Encode-Decode_Experiment-9-1,2369373,chef,decoding,14,44,244178,244274,96,973.4,572.6
Encode-Decode_Experiment-9-1,2369373,chef,decoding,14,44,244926,246810,1884,930.8,589.3
Encode-Decode_Experiment-9-1,2369373,chef,decoding,14,44,246832,247206,374,1014.5,640.5
Encode-Decode_Experiment-9-1,2369373,chef,decoding,14,44,247234,247534,300,869.6,579.6
Encode-Decode_Experiment-9-1,2369373,chef,decoding,14,44,247546,247740,194,838.9,590.2
Encode-Decode_Experiment-9-1,2369373,chef,decoding,14,44,247960,248280,320,948.6,573.0
Encode-Decode_Experiment-9-1,2369373,chef,decoding,14,44,248306,248790,484,764.6,566.8
Encode-Decode_Experiment-9-1,2369373,chef,decoding,14,44,248828,249016,188,930.0,551.8
Encode-Decode_Experiment-9-1,2369373,chef,decoding,14,44,249046,249296,250,780.0,527.8
Encode-Decode_Experiment-9-1,2369373,chef,decoding,14,44,249306,249812,506,794.7,542.0
Encode-Decode_Experiment-9-1,2369373,chef,decoding,14,44,250000,250472,472,767.0,553.1
Encode-Decode_Experiment-9-1,2369373,chef,decoding,14,44,250530,250802,272,1213.9,568.8
Encode-Decode_Experiment-9-1,2369373,chef,decoding,14,44,250848,251220,372,876.2,514.3
Encode-Decode_Experiment-9-1,2394020,horse ride,decoding,15,45,251362,251870,508,967.7,584.1
Encode-Decode_Experiment-9-1,2394020,horse ride,decoding,15,45,251902,252532,630,796.7,553.3
Encode-Decode_Experiment-9-1,2394020,horse ride,decoding,15,45,252750,253030,280,901.3,592.7
Encode-Decode_Experiment-9-1,2394020,horse ride,decoding,15,45,253068,253228,160,733.9,575.5
Encode-Decode_Experiment-9-1,2394020,horse ride,decoding,15,45,253248,253586,338,798.9,578.0
Encode-Decode_Experiment-9-1,2394020,horse ride,decoding,15,45,253630,253862,232,526.8,529.8
Encode-Decode_Experiment-9-1,2394020,horse ride,decoding,15,45,253906,254504,598,803.6,530.1
Encode-Decode_Experiment-9-1,2394020,horse ride,decoding,15,45,254524,254884,360,793.6,549.2
Encode-Decode_Experiment-9-1,2394020,horse ride,decoding,15,45,254910,255146,236,869.0,460.5
Encode-Decode_Experiment-9-1,2394020,horse ride,decoding,15,45,255162,255502,340,888.7,453.7
Encode-Decode_Experiment-9-1,2394020,horse ride,decoding,15,45,255528,255920,392,786.3,530.2
Encode-Decode_Experiment-9-1,2394020,horse ride,decoding,15,45,255940,256282,342,867.5,494.8
Encode-Decode_Experiment-9-1,2394020,horse ride,decoding,15,45,256474,256960,486,853.6,485.3
Encode-Decode_Experiment-9-1,2394020,horse ride,decoding,15,45,256984,257392,408,809.6,546.5
Encode-Decode_Experiment-9-1,2394020,horse ride,decoding,15,45,257412,257728,316,813.6,570.7
Encode-Decode_Experiment-9-1,2394020,horse ride,decoding,15,45,257754,257974,220,931.9,449.0
Encode-Decode_Experiment-9-1,2394020,horse ride,decoding,15,45,257986,258208,222,900.2,455.3
Encode-Decode_Experiment-9-1,2394020,horse ride,decoding,15,45,258220,258270,50,876.4,460.5
Encode-Decode_Experiment-9-1,2385550,tangerines,decoding,16,46,258278,258430,152,906.4,569.6
Encode-Decode_Experiment-9-1,2385550,tangerines,decoding,16,46,258636,258816,180,942.0,507.6
Encode-Decode_Experiment-9-1,2385550,tangerines,decoding,16,46,258842,259970,1128,791.8,560.3
Encode-Decode_Experiment-9-1,2385550,tangerines,decoding,16,46,259992,260294,302,767.3,569.2
Encode-Decode_Experiment-9-1,2385550,tangerines,decoding,16,46,260310,260856,546,789.7,578.9
Encode-Decode_Experiment-9-1,2385550,tangerines,decoding,16,46,260870,261042,172,755.7,588.9
Encode-Decode_Experiment-9-1,2385550,tangerines,decoding,16,46,261058,261894,836,800.1,593.5
Encode-Decode_Experiment-9-1,2385550,tangerines,decoding,16,46,262100,262368,268,815.9,544.1
Encode-Decode_Experiment-9-1,2385550,tangerines,decoding,16,46,262388,263174,786,800.7,560.2
Encode-Decode_Experiment-9-1,2385550,tangerines,decoding,16,46,263216,263778,562,947.0,595.6
Encode-Decode_Experiment-9-1,2385550,tangerines,decoding,16,46,263806,264790,984,789.2,565.0
Encode-Decode_Experiment-9-1,2385550,tangerines,decoding,16,46,265020,265326,306,806.2,602.9
Encode-Decode_Experiment-9-1,2347025,umbrella,decoding,17,47,266572,266906,334,980.9,396.0
Encode-Decode_Experiment-9-1,2347025,umbrella,decoding,17,47,266936,267232,296,811.3,455.7
Encode-Decode_Experiment-9-1,2347025,umbrella,decoding,17,47,267250,268224,974,857.3,451.1
Encode-Decode_Experiment-9-1,2347025,umbrella,decoding,17,47,268434,268650,216,908.3,427.5
Encode-Decode_Experiment-9-1,2347025,umbrella,decoding,17,47,268674,269094,420,879.5,445.1
Encode-Decode_Experiment-9-1,2347025,umbrella,decoding,17,47,269328,269694,366,874.9,411.6
Encode-Decode_Experiment-9-1,2347025,umbrella,decoding,17,47,269706,270346,640,864.3,439.4
Encode-Decode_Experiment-9-1,2347025,umbrella,decoding,17,47,270358,270656,298,840.0,453.0
Encode-Decode_Experiment-9-1,2347025,umbrella,decoding,17,47,270668,271228,560,858.0,424.7
Encode-Decode_Experiment-9-1,2347025,umbrella,decoding,17,47,271254,271580,326,875.1,505.0
Encode-Decode_Experiment-9-1,2347025,umbrella,decoding,17,47,271604,271842,238,849.1,445.2
Encode-Decode_Experiment-9-1,2347025,umbrella,decoding,17,47,271852,272344,492,877.8,438.7
Encode-Decode_Experiment-9-1,2409918,elephant,decoding,18,48,272400,272470,70,979.3,567.8
Encode-Decode_Experiment-9-1,2409918,elephant,decoding,18,48,272736,273064,328,930.3,580.6
Encode-Decode_Experiment-9-1,2409918,elephant,decoding,18,48,273090,273784,694,797.3,554.6
Encode-Decode_Experiment-9-1,2409918,elephant,decoding,18,48,274002,274208,206,793.8,534.1
Encode-Decode_Experiment-9-1,2409918,elephant,decoding,18,48,274232,274388,156,750.9,577.1
Encode-Decode_Experiment-9-1,2409918,elephant,decoding,18,48,274406,274622,216,779.2,570.8
Encode-Decode_Experiment-9-1,2409918,elephant,decoding,18,48,274790,275048,258,918.5,573.2
Encode-Decode_Experiment-9-1,2409918,elephant,decoding,18,48,275076,275682,606,763.0,576.9
Encode-Decode_Experiment-9-1,2409918,elephant,decoding,18,48,275690,276640,950,789.7,591.7
Encode-Decode_Experiment-9-1,2409918,elephant,decoding,18,48,276668,276894,226,1010.1,615.0
Encode-Decode_Experiment-9-1,2409918,elephant,decoding,18,48,277096,277684,588,817.6,571.8
Encode-Decode_Experiment-9-1,2409918,elephant,decoding,18,48,277924,278266,342,814.3,589.3
Encode-Decode_Experiment-9-1,2409918,elephant,decoding,18,48,278286,278472,186,763.0,575.2
Encode-Decode_Experiment-9-1,2409918,elephant,decoding,18,48,278488,279068,580,803.7,574.7
Encode-Decode_Experiment-9-1,2409918,elephant,decoding,18,48,279122,279378,256,1183.6,578.7
Encode-Decode_Experiment-9-1,2385851,suitcase,decoding,19,49,279456,279560,104,960.5,571.5
Encode-Decode_Experiment-9-1,2385851,suitcase,decoding,19,49,280088,280456,368,954.0,672.0
Encode-Decode_Experiment-9-1,2385851,suitcase,decoding,19,49,280476,280686,210,971.8,601.9
Encode-Decode_Experiment-9-1,2385851,suitcase,decoding,19,49,280934,281384,450,953.2,527.9
Encode-Decode_Experiment-9-1,2385851,suitcase,decoding,19,49,281408,281996,588,796.3,536.3
Encode-Decode_Experiment-9-1,2385851,suitcase,decoding,19,49,282262,282418,156,894.9,564.1
Encode-Decode_Experiment-9-1,2385851,suitcase,decoding,19,49,282474,282814,340,1265.7,442.5
Encode-Decode_Experiment-9-1,2385851,suitcase,decoding,19,49,282880,283236,356,1911.3,568.9
Encode-Decode_Experiment-9-1,2385851,suitcase,decoding,19,49,283314,283630,316,1046.6,494.6
Encode-Decode_Experiment-9-1,2385851,suitcase,decoding,19,49,283684,283938,254,792.7,513.3
Encode-Decode_Experiment-9-1,2385851,suitcase,decoding,19,49,284136,284280,144,826.4,534.8
Encode-Decode_Experiment-9-1,2385851,suitcase,decoding,19,49,284300,284950,650,779.7,565.3
Encode-Decode_Experiment-9-1,2385851,suitcase,decoding,19,49,285006,285284,278,1213.6,571.3
Encode-Decode_Experiment-9-1,2385851,suitcase,decoding,19,49,285338,285594,256,1666.1,376.5
Encode-Decode_Experiment-9-1,2385851,suitcase,decoding,19,49,285646,285996,350,1017.9,568.1
Encode-Decode_Experiment-9-1,2385851,suitcase,decoding,19,49,286054,286446,392,673.7,516.9
Encode-Decode_Experiment-9-1,2385851,suitcase,decoding,19,49,286472,286508,36,874.2,517.8
Encode-Decode_Experiment-9-1,2412687,dog,decoding,20,50,286516,286898,382,954.9,554.9
Encode-Decode_Experiment-9-1,2412687,dog,decoding,20,50,287112,287316,204,1111.7,619.2
Encode-Decode_Experiment-9-1,2412687,dog,decoding,20,50,287364,287642,278,745.5,521.5
Encode-Decode_Experiment-9-1,2412687,dog,decoding,20,50,287654,288252,598,774.2,538.8
Encode-Decode_Experiment-9-1,2412687,dog,decoding,20,50,288460,288654,194,1099.6,246.8
Encode-Decode_Experiment-9-1,2412687,dog,decoding,20,50,288716,289058,342,750.5,484.2
Encode-Decode_Experiment-9-1,2412687,dog,decoding,20,50,289080,289554,474,839.5,526.0
Encode-Decode_Experiment-9-1,2412687,dog,decoding,20,50,289578,289844,266,882.8,469.4
Encode-Decode_Experiment-9-1,2412687,dog,decoding,20,50,289852,289996,144,889.8,455.5
Encode-Decode_Experiment-9-1,2412687,dog,decoding,20,50,290162,290444,282,837.2,439.4
Encode-Decode_Experiment-9-1,2412687,dog,decoding,20,50,290466,290906,440,905.9,458.5
Encode-Decode_Experiment-9-1,2412687,dog,decoding,20,50,290916,292322,1406,884.6,446.1
Encode-Decode_Experiment-9-1,2412687,dog,decoding,20,50,292434,293076,642,1892.6,563.5
Encode-Decode_Experiment-9-1,2412687,dog,decoding,20,50,293182,293438,256,780.6,372.5
Encode-Decode_Experiment-9-1,2412687,dog,decoding,20,50,293464,293564,100,944.7,404.8
Encode-Decode_Experiment-9-1,2411268,apple,decoding,21,51,293572,293622,50,968.3,580.0
Encode-Decode_Experiment-9-1,2411268,apple,decoding,21,51,293832,294276,444,971.2,573.4
Encode-Decode_Experiment-9-1,2411268,apple,decoding,21,51,297510,297764,254,868.0,366.1
Encode-Decode_Experiment-9-1,2411268,apple,decoding,21,51,298116,298158,42,776.1,489.1
Encode-Decode_Experiment-9-1,2411268,apple,decoding,21,51,298202,298486,284,1038.0,424.6
Encode-Decode_Experiment-9-1,2411268,apple,decoding,21,51,298512,298798,286,844.6,448.0
Encode-Decode_Experiment-9-1,2411268,apple,decoding,21,51,298818,299252,434,885.6,427.6
Encode-Decode_Experiment-9-1,2411268,apple,decoding,21,51,299488,299742,254,906.1,422.5
Encode-Decode_Experiment-9-1,2411268,apple,decoding,21,51,299766,300248,482,852.1,436.2
Encode-Decode_Experiment-9-1,2411268,apple,decoding,21,51,300478,300614,136,840.3,461.6
Encode-Decode_Experiment-9-1,2362704,bears,decoding,22,52,300622,301076,454,959.1,589.7
Encode-Decode_Experiment-9-1,2362704,bears,decoding,22,52,302666,302856,190,927.7,534.7
Encode-Decode_Experiment-9-1,2362704,bears,decoding,22,52,302902,303258,356,663.3,444.4
Encode-Decode_Experiment-9-1,2362704,bears,decoding,22,52,303296,303828,532,901.7,496.8
Encode-Decode_Experiment-9-1,2362704,bears,decoding,22,52,304032,304832,800,870.0,517.3
Encode-Decode_Experiment-9-1,2362704,bears,decoding,22,52,304896,305286,390,1492.7,475.9
Encode-Decode_Experiment-9-1,2362704,bears,decoding,22,52,305348,305628,280,950.3,469.8
Encode-Decode_Experiment-9-1,2362704,bears,decoding,22,52,305654,305824,170,834.6,464.7
Encode-Decode_Experiment-9-1,2344622,cat,decoding,23,53,307692,307978,286,941.9,564.7
Encode-Decode_Experiment-9-1,2344622,cat,decoding,23,53,311006,311406,400,719.1,413.4
Encode-Decode_Experiment-9-1,2344622,cat,decoding,23,53,311430,311922,492,795.5,479.7
Encode-Decode_Experiment-9-1,2344622,cat,decoding,23,53,311944,312160,216,886.1,455.6
Encode-Decode_Experiment-9-1,2344622,cat,decoding,23,53,312364,312634,270,933.4,457.3
Encode-Decode_Experiment-9-1,2344622,cat,decoding,23,53,312660,313250,590,805.1,477.1
Encode-Decode_Experiment-9-1,2344622,cat,decoding,23,53,313268,313456,188,861.5,460.7
Encode-Decode_Experiment-9-1,2344622,cat,decoding,23,53,313778,314092,314,835.2,488.2
Encode-Decode_Experiment-9-1,2344622,cat,decoding,23,53,314330,314750,420,850.6,486.5
Encode-Decode_Experiment-9-1,2356125,airport,decoding,24,54,314758,314922,164,923.4,576.6
Encode-Decode_Experiment-9-1,2356125,airport,decoding,24,54,315524,315728,204,926.8,569.1
Encode-Decode_Experiment-9-1,2356125,airport,decoding,24,54,315766,316226,460,749.3,490.5
Encode-Decode_Experiment-9-1,2356125,airport,decoding,24,54,316250,316540,290,839.4,513.1
Encode-Decode_Experiment-9-1,2356125,airport,decoding,24,54,316558,316954,396,803.3,534.4
Encode-Decode_Experiment-9-1,2356125,airport,decoding,24,54,317170,317412,242,845.9,498.5
Encode-Decode_Experiment-9-1,2356125,airport,decoding,24,54,317436,318310,874,779.9,554.2
Encode-Decode_Experiment-9-1,2356125,airport,decoding,24,54,318528,318858,330,813.2,509.0
Encode-Decode_Experiment-9-1,2356125,airport,decoding,24,54,318878,319130,252,788.5,557.9
Encode-Decode_Experiment-9-1,2356125,airport,decoding,24,54,319144,319454,310,814.0,583.5
Encode-Decode_Experiment-9-1,2356125,airport,decoding,24,54,319800,320006,206,824.9,618.1
Encode-Decode_Experiment-9-1,2356125,airport,decoding,24,54,320030,320270,240,800.5,556.5
Encode-Decode_Experiment-9-1,2356125,airport,decoding,24,54,320482,320902,420,767.3,449.8
Encode-Decode_Experiment-9-1,2356125,airport,decoding,24,54,320946,321384,438,645.3,123.3
Encode-Decode_Experiment-9-1,2356125,airport,decoding,24,54,321648,321812,164,967.4,515.2
Encode-Decode_Experiment-9-1,2408717,surfboard,decoding,25,55,321820,321846,26,945.1,575.3
Encode-Decode_Experiment-9-1,2408717,surfboard,decoding,25,55,321854,322050,196,985.2,574.8
Encode-Decode_Experiment-9-1,2408717,surfboard,decoding,25,55,326148,326424,276,1045.8,412.7
Encode-Decode_Experiment-9-1,2408717,surfboard,decoding,25,55,326474,326640,166,624.0,479.5
Encode-Decode_Experiment-9-1,2408717,surfboard,decoding,25,55,326830,327242,412,902.5,476.2
Encode-Decode_Experiment-9-1,2408717,surfboard,decoding,25,55,327262,327962,700,866.2,448.8
Encode-Decode_Experiment-9-1,2408717,surfboard,decoding,25,55,327994,328420,426,733.4,478.7
Encode-Decode_Experiment-9-1,2408717,surfboard,decoding,25,55,328456,328878,422,849.4,530.6
Encode-Decode_Experiment-9-1,2347400,wine,decoding,26,56,328886,329168,282,967.2,545.7
Encode-Decode_Experiment-9-1,2347400,wine,decoding,26,56,329384,329542,158,926.3,534.3
Encode-Decode_Experiment-9-1,2347400,wine,decoding,26,56,329732,330006,274,777.0,566.6
Encode-Decode_Experiment-9-1,2347400,wine,decoding,26,56,330022,331186,1164,827.1,554.6
Encode-Decode_Experiment-9-1,2347400,wine,decoding,26,56,331422,331806,384,878.6,559.0
Encode-Decode_Experiment-9-1,2347400,wine,decoding,26,56,331828,332014,186,811.1,536.4
Encode-Decode_Experiment-9-1,2347400,wine,decoding,26,56,332214,333138,924,818.2,545.2
Encode-Decode_Experiment-9-1,2347400,wine,decoding,26,56,333184,333530,346,1067.7,593.6
Encode-Decode_Experiment-9-1,2347400,wine,decoding,26,56,333566,333818,252,836.8,520.2
Encode-Decode_Experiment-9-1,2347400,wine,decoding,26,56,333842,334326,484,855.8,458.4
Encode-Decode_Experiment-9-1,2347400,wine,decoding,26,56,334556,335236,680,887.7,554.1
Encode-Decode_Experiment-9-1,2347400,wine,decoding,26,56,335476,335890,414,1142.6,726.0
Encode-Decode_Experiment-9-1,2387122,polar bear,decoding,27,57,335944,336062,118,959.7,579.6
Encode-Decode_Experiment-9-1,2387122,polar bear,decoding,27,57,336070,336218,148,982.3,584.0
Encode-Decode_Experiment-9-1,2387122,polar bear,decoding,27,57,336420,336782,362,898.0,494.8
Encode-Decode_Experiment-9-1,2387122,polar bear,decoding,27,57,336812,337024,212,746.3,536.1
Encode-Decode_Experiment-9-1,2387122,polar bear,decoding,27,57,337046,337260,214,795.3,560.9
Encode-Decode_Experiment-9-1,2387122,polar bear,decoding,27,57,337492,337664,172,821.1,543.7
Encode-Decode_Experiment-9-1,2387122,polar bear,decoding,27,57,337688,338052,364,773.2,561.0
Encode-Decode_Experiment-9-1,2387122,polar bear,decoding,27,57,338270,338464,194,762.0,538.4
Encode-Decode_Experiment-9-1,2387122,polar bear,decoding,27,57,338480,338814,334,804.9,552.6
Encode-Decode_Experiment-9-1,2387122,polar bear,decoding,27,57,339586,339870,284,766.6,395.1
Encode-Decode_Experiment-9-1,2387122,polar bear,decoding,27,57,339896,340290,394,907.8,429.8
Encode-Decode_Experiment-9-1,2387122,polar bear,decoding,27,57,340476,340788,312,888.2,621.9
Encode-Decode_Experiment-9-1,2387122,polar bear,decoding,27,57,340816,341912,1096,867.1,504.9
Encode-Decode_Experiment-9-1,2387122,polar bear,decoding,27,57,341990,342276,286,1429.7,838.6
Encode-Decode_Experiment-9-1,2387122,polar bear,decoding,27,57,342334,342712,378,908.7,509.1
Encode-Decode_Experiment-9-1,2387122,polar bear,decoding,27,57,342756,342852,96,646.5,483.3
Encode-Decode_Experiment-9-1,2367132,video game,decoding,28,58,343014,343178,164,917.7,548.4
Encode-Decode_Experiment-9-1,2367132,video game,decoding,28,58,344158,344554,396,956.7,461.7
Encode-Decode_Experiment-9-1,2367132,video game,decoding,28,58,344584,344922,338,750.9,518.5
Encode-Decode_Experiment-9-1,2367132,video game,decoding,28,58,344936,345600,664,785.9,532.5
Encode-Decode_Experiment-9-1,2367132,video game,decoding,28,58,345618,345780,162,746.6,558.0
Encode-Decode_Experiment-9-1,2367132,video game,decoding,28,58,345798,346564,766,789.5,562.2
Encode-Decode_Experiment-9-1,2367132,video game,decoding,28,58,346740,346958,218,984.2,506.4
Encode-Decode_Experiment-9-1,2367132,video game,decoding,28,58,346982,347222,240,834.9,539.6
Encode-Decode_Experiment-9-1,2367132,video game,decoding,28,58,347242,347536,294,806.4,543.4
Encode-Decode_Experiment-9-1,2367132,video game,decoding,28,58,347760,348094,334,814.2,570.8
Encode-Decode_Experiment-9-1,2367132,video game,decoding,28,58,348110,348582,472,782.9,542.5
Encode-Decode_Experiment-9-1,2367132,video game,decoding,28,58,348592,348826,234,808.8,540.1
Encode-Decode_Experiment-9-1,2367132,video game,decoding,28,58,348836,349158,322,794.6,554.2
Encode-Decode_Experiment-9-1,2367132,video game,decoding,28,58,349396,349730,334,824.4,457.7
Encode-Decode_Experiment-9-1,2367132,video game,decoding,28,58,349964,350070,106,884.8,506.6
Encode-Decode_Experiment-9-1,2370664,donuts,decoding,29,59,351322,351920,598,1038.4,603.7
Encode-Decode_Experiment-9-1,2370664,donuts,decoding,29,59,351950,352322,372,850.7,538.6
Encode-Decode_Experiment-9-1,2370664,donuts,decoding,29,59,352344,352458,114,792.8,557.5
Encode-Decode_Experiment-9-1,2370664,donuts,decoding,29,59,352678,352994,316,861.9,545.6
Encode-Decode_Experiment-9-1,2370664,donuts,decoding,29,59,353222,353988,766,859.8,452.8
Encode-Decode_Experiment-9-1,2370664,donuts,decoding,29,59,354012,354194,182,918.9,478.2
Encode-Decode_Experiment-9-1,2370664,donuts,decoding,29,59,354218,354370,152,841.0,500.1
Encode-Decode_Experiment-9-1,2370664,donuts,decoding,29,59,354430,354816,386,1596.8,248.0
Encode-Decode_Experiment-9-1,2370664,donuts,decoding,29,59,354852,355290,438,1773.6,203.1
Encode-Decode_Experiment-9-1,2370664,donuts,decoding,29,59,355304,355652,348,1793.8,182.2
Encode-Decode_Experiment-9-1,2370664,donuts,decoding,29,59,355710,356216,506,1167.6,159.2
Encode-Decode_Experiment-9-1,2370664,donuts,decoding,29,59,356272,356784,512,831.1,164.4
Encode-Decode_Experiment-9-1,2370664,donuts,decoding,29,59,357010,357138,128,1004.1,431.2
Encode-Decode_Experiment-9-1,2356991,baseball,decoding,30,60,357146,357332,186,952.5,570.0
Encode-Decode_Experiment-9-1,2356991,baseball,decoding,30,60,357534,357800,266,928.7,503.0
Encode-Decode_Experiment-9-1,2356991,baseball,decoding,30,60,357824,358052,228,797.8,532.6
Encode-Decode_Experiment-9-1,2356991,baseball,decoding,30,60,358262,358902,640,794.3,532.3
Encode-Decode_Experiment-9-1,2356991,baseball,decoding,30,60,358930,359280,350,965.8,539.5
Encode-Decode_Experiment-9-1,2356991,baseball,decoding,30,60,359514,359628,114,883.2,539.2
Encode-Decode_Experiment-9-1,2356991,baseball,decoding,30,60,359724,359860,136,1751.4,555.9
Encode-Decode_Experiment-9-1,2356991,baseball,decoding,30,60,360120,360324,204,1475.1,544.3
Encode-Decode_Experiment-9-1,2356991,baseball,decoding,30,60,360376,361198,822,920.1,589.3
Encode-Decode_Experiment-9-1,2356991,baseball,decoding,30,60,361224,361622,398,794.5,554.5
Encode-Decode_Experiment-9-1,2356991,baseball,decoding,30,60,361632,362646,1014,814.2,543.5
Encode-Decode_Experiment-9-1,2356991,baseball,decoding,30,60,362858,363350,492,772.5,659.1
Encode-Decode_Experiment-9-1,2356991,baseball,decoding,30,60,363382,363736,354,771.4,541.0
Encode-Decode_Experiment-9-1,2356991,baseball,decoding,30,60,363752,364124,372,824.3,551.3
