SubjectID,StimID,svg_z,phase
Encode-Decode_Experiment-1-1,2387122,-0.330065,Encoding
Encode-Decode_Experiment-1-1,2374670,-0.476733,Encoding
Encode-Decode_Experiment-1-1,2356991,2.017518,Encoding
Encode-Decode_Experiment-1-1,2412687,2.830765,Encoding
Encode-Decode_Experiment-1-1,2360001,-0.770094,Encoding
Encode-Decode_Experiment-1-1,2397102,3.190341,Encoding
Encode-Decode_Experiment-1-1,150472,1.668758,Encoding
Encode-Decode_Experiment-1-1,2379478,3.182431,Encoding
Encode-Decode_Experiment-1-1,2369373,1.123483,Encoding
Encode-Decode_Experiment-1-1,2347025,0.098753,Encoding
Encode-Decode_Experiment-1-1,2349475,1.168152,Encoding
Encode-Decode_Experiment-1-1,2394020,1.776663,Encoding
Encode-Decode_Experiment-1-1,2362704,-0.792589,Encoding
Encode-Decode_Experiment-1-1,2385550,2.217431,Encoding
Encode-Decode_Experiment-1-1,2410309,2.29324,Encoding
Encode-Decode_Experiment-1-1,2356125,1.7459,Encoding
Encode-Decode_Experiment-1-1,2348899,4.591028,Encoding
Encode-Decode_Experiment-1-1,2350974,4.20909,Encoding
Encode-Decode_Experiment-1-1,2383555,-0.030115,Encoding
Encode-Decode_Experiment-1-1,2409918,2.408731,Encoding
Encode-Decode_Experiment-1-1,2347400,0.212464,Encoding
Encode-Decode_Experiment-1-1,2408717,1.46445,Encoding
Encode-Decode_Experiment-1-1,2386442,2.947547,Encoding
Encode-Decode_Experiment-1-1,2385851,0.29707,Encoding
Encode-Decode_Experiment-1-1,2344622,0.018231,Encoding
Encode-Decode_Experiment-1-1,2411268,2.743085,Encoding
Encode-Decode_Experiment-1-1,2345035,-0.53349,Encoding
Encode-Decode_Experiment-1-1,2370664,4.605735,Encoding
Encode-Decode_Experiment-1-1,2367132,2.469503,Encoding
Encode-Decode_Experiment-10-1,2362704,1.880256,Encoding
Encode-Decode_Experiment-10-1,150472,-0.859561,Encoding
Encode-Decode_Experiment-10-1,2370664,-0.010006,Encoding
Encode-Decode_Experiment-10-1,2379478,0.921081,Encoding
Encode-Decode_Experiment-10-1,2412687,0.594297,Encoding
Encode-Decode_Experiment-10-1,2347025,0.508345,Encoding
Encode-Decode_Experiment-10-1,2356125,2.47984,Encoding
Encode-Decode_Experiment-10-1,2350974,2.945957,Encoding
Encode-Decode_Experiment-10-1,2383555,0.816161,Encoding
Encode-Decode_Experiment-10-1,2369373,2.615965,Encoding
Encode-Decode_Experiment-10-1,2385550,0.843475,Encoding
Encode-Decode_Experiment-10-1,2348899,4.18893,Encoding
Encode-Decode_Experiment-10-1,2411268,0.473765,Encoding
Encode-Decode_Experiment-10-1,2387122,-0.136416,Encoding
Encode-Decode_Experiment-10-1,2349475,0.821209,Encoding
Encode-Decode_Experiment-10-1,2410309,0.661148,Encoding
Encode-Decode_Experiment-10-1,2344622,-0.988013,Encoding
Encode-Decode_Experiment-10-1,2397102,1.887584,Encoding
Encode-Decode_Experiment-10-1,2409918,-0.195526,Encoding
Encode-Decode_Experiment-10-1,2374670,0.029488,Encoding
Encode-Decode_Experiment-10-1,2360001,2.026076,Encoding
Encode-Decode_Experiment-10-1,2347400,0.444285,Encoding
Encode-Decode_Experiment-10-1,2408717,-0.059029,Encoding
Encode-Decode_Experiment-10-1,2394020,1.732468,Encoding
Encode-Decode_Experiment-10-1,2356991,2.220155,Encoding
Encode-Decode_Experiment-10-1,2386442,-0.711952,Encoding
Encode-Decode_Experiment-10-1,2345035,-0.090433,Encoding
Encode-Decode_Experiment-10-1,2371471,1.413843,Encoding
Encode-Decode_Experiment-10-1,2385851,-0.674388,Encoding
Encode-Decode_Experiment-10-1,2367132,2.837132,Encoding
Encode-Decode_Experiment-11-1,2370664,0.697606,Encoding
Encode-Decode_Experiment-11-1,2356125,1.642844,Encoding
Encode-Decode_Experiment-11-1,2344622,-0.812151,Encoding
Encode-Decode_Experiment-11-1,2360001,1.051911,Encoding
Encode-Decode_Experiment-11-1,150472,-0.525739,Encoding
Encode-Decode_Experiment-11-1,2362704,0.174253,Encoding
Encode-Decode_Experiment-11-1,2367132,3.730474,Encoding
Encode-Decode_Experiment-11-1,2386442,3.655787,Encoding
Encode-Decode_Experiment-11-1,2347400,1.436542,Encoding
Encode-Decode_Experiment-11-1,2356991,0.951975,Encoding
Encode-Decode_Experiment-11-1,2371471,1.885618,Encoding
Encode-Decode_Experiment-11-1,2408717,-0.470886,Encoding
Encode-Decode_Experiment-11-1,2410309,-0.011677,Encoding
Encode-Decode_Experiment-11-1,2349475,-0.11116,Encoding
Encode-Decode_Experiment-11-1,2385851,-1.019643,Encoding
Encode-Decode_Experiment-11-1,2387122,1.141207,Encoding
Encode-Decode_Experiment-11-1,2345035,0.405641,Encoding
Encode-Decode_Experiment-11-1,2397102,0.749626,Encoding
Encode-Decode_Experiment-11-1,2394020,1.411591,Encoding
Encode-Decode_Experiment-11-1,2374670,1.722857,Encoding
Encode-Decode_Experiment-11-1,2385550,1.638093,Encoding
Encode-Decode_Experiment-11-1,2412687,0.152419,Encoding
Encode-Decode_Experiment-11-1,2409918,0.354383,Encoding
Encode-Decode_Experiment-11-1,2347025,0.686526,Encoding
Encode-Decode_Experiment-11-1,2348899,3.835123,Encoding
Encode-Decode_Experiment-11-1,2379478,-0.019075,Encoding
Encode-Decode_Experiment-12-1,2348899,1.566717,Encoding
Encode-Decode_Experiment-12-1,2362704,0.488559,Encoding
Encode-Decode_Experiment-12-1,2412687,1.598289,Encoding
Encode-Decode_Experiment-12-1,2379478,2.782982,Encoding
Encode-Decode_Experiment-12-1,2374670,0.249412,Encoding
Encode-Decode_Experiment-12-1,2347400,1.382448,Encoding
Encode-Decode_Experiment-12-1,2408717,0.357366,Encoding
Encode-Decode_Experiment-12-1,2410309,0.27344,Encoding
Encode-Decode_Experiment-12-1,2371471,3.127066,Encoding
Encode-Decode_Experiment-12-1,2356991,-0.476864,Encoding
Encode-Decode_Experiment-12-1,2349475,0.903512,Encoding
Encode-Decode_Experiment-12-1,2370664,1.792974,Encoding
Encode-Decode_Experiment-12-1,2394020,3.928929,Encoding
Encode-Decode_Experiment-12-1,2345035,-0.513364,Encoding
Encode-Decode_Experiment-12-1,2369373,2.49022,Encoding
Encode-Decode_Experiment-12-1,2360001,1.04886,Encoding
Encode-Decode_Experiment-12-1,2344622,1.079607,Encoding
Encode-Decode_Experiment-12-1,2385550,0.806193,Encoding
Encode-Decode_Experiment-12-1,2409918,2.437274,Encoding
Encode-Decode_Experiment-12-1,2347025,0.835642,Encoding
Encode-Decode_Experiment-12-1,2383555,0.882377,Encoding
Encode-Decode_Experiment-12-1,2387122,0.35523,Encoding
Encode-Decode_Experiment-12-1,2411268,3.118175,Encoding
Encode-Decode_Experiment-12-1,2397102,1.238677,Encoding
Encode-Decode_Experiment-12-1,2385851,-1.348958,Encoding
Encode-Decode_Experiment-12-1,150472,0.958904,Encoding
Encode-Decode_Experiment-13-1,2383555,-0.941434,Encoding
Encode-Decode_Experiment-13-1,2362704,-0.569881,Encoding
Encode-Decode_Experiment-13-1,2408717,0.977161,Encoding
Encode-Decode_Experiment-13-1,2356991,1.402613,Encoding
Encode-Decode_Experiment-13-1,2349475,1.996356,Encoding
Encode-Decode_Experiment-13-1,2385851,-0.567677,Encoding
Encode-Decode_Experiment-13-1,2345035,0.447078,Encoding
Encode-Decode_Experiment-13-1,2347025,0.571459,Encoding
Encode-Decode_Experiment-13-1,2410309,0.80925,Encoding
Encode-Decode_Experiment-13-1,2347400,-0.285091,Encoding
Encode-Decode_Experiment-13-1,2367132,3.972417,Encoding
Encode-Decode_Experiment-13-1,2397102,2.18961,Encoding
Encode-Decode_Experiment-13-1,2379478,3.470931,Encoding
Encode-Decode_Experiment-13-1,2394020,2.328615,Encoding
Encode-Decode_Experiment-13-1,150472,-0.511376,Encoding
Encode-Decode_Experiment-13-1,2356125,2.12238,Encoding
Encode-Decode_Experiment-13-1,2360001,0.852272,Encoding
Encode-Decode_Experiment-13-1,2371471,2.665161,Encoding
Encode-Decode_Experiment-13-1,2348899,2.057856,Encoding
Encode-Decode_Experiment-13-1,2369373,0.563401,Encoding
Encode-Decode_Experiment-13-1,2386442,2.44309,Encoding
Encode-Decode_Experiment-13-1,2387122,0.600094,Encoding
Encode-Decode_Experiment-13-1,2370664,-1.017978,Encoding
Encode-Decode_Experiment-13-1,2409918,-1.778182,Encoding
Encode-Decode_Experiment-13-1,2385550,3.342677,Encoding
Encode-Decode_Experiment-13-1,2374670,0.226189,Encoding
Encode-Decode_Experiment-13-1,2344622,1.476616,Encoding
Encode-Decode_Experiment-14-1,2369373,1.436457,Encoding
Encode-Decode_Experiment-14-1,2397102,3.841226,Encoding
Encode-Decode_Experiment-14-1,2350974,2.712301,Encoding
Encode-Decode_Experiment-14-1,2362704,1.405212,Encoding
Encode-Decode_Experiment-14-1,2347025,0.138287,Encoding
Encode-Decode_Experiment-14-1,2408717,1.009447,Encoding
Encode-Decode_Experiment-14-1,2383555,-0.84846,Encoding
Encode-Decode_Experiment-14-1,2347400,2.033132,Encoding
Encode-Decode_Experiment-14-1,2409918,1.515797,Encoding
Encode-Decode_Experiment-14-1,2356991,0.473833,Encoding
Encode-Decode_Experiment-14-1,2411268,2.938451,Encoding
Encode-Decode_Experiment-14-1,2370664,0.09714,Encoding
Encode-Decode_Experiment-14-1,2387122,0.509501,Encoding
Encode-Decode_Experiment-14-1,2374670,1.280649,Encoding
Encode-Decode_Experiment-14-1,2344622,0.544709,Encoding
Encode-Decode_Experiment-14-1,2356125,0.717822,Encoding
Encode-Decode_Experiment-14-1,2360001,2.320179,Encoding
Encode-Decode_Experiment-14-1,2367132,2.619632,Encoding
Encode-Decode_Experiment-14-1,2371471,-0.129305,Encoding
Encode-Decode_Experiment-14-1,2349475,-0.367195,Encoding
Encode-Decode_Experiment-14-1,2410309,0.556816,Encoding
Encode-Decode_Experiment-14-1,150472,1.234119,Encoding
Encode-Decode_Experiment-14-1,2386442,3.735814,Encoding
Encode-Decode_Experiment-14-1,2394020,3.142319,Encoding
Encode-Decode_Experiment-14-1,2385851,0.548615,Encoding
Encode-Decode_Experiment-14-1,2385550,-0.836359,Encoding
Encode-Decode_Experiment-14-1,2345035,-0.717731,Encoding
Encode-Decode_Experiment-14-1,2379478,2.698042,Encoding
Encode-Decode_Experiment-14-1,2412687,-0.388971,Encoding
Encode-Decode_Experiment-14-1,2348899,4.824092,Encoding
Encode-Decode_Experiment-15-1,2347025,-0.104589,Encoding
Encode-Decode_Experiment-15-1,2374670,0.823044,Encoding
Encode-Decode_Experiment-15-1,2369373,1.50858,Encoding
Encode-Decode_Experiment-15-1,2371471,0.760647,Encoding
Encode-Decode_Experiment-15-1,2349475,0.74524,Encoding
Encode-Decode_Experiment-15-1,2356125,0.744871,Encoding
Encode-Decode_Experiment-15-1,2386442,5.329251,Encoding
Encode-Decode_Experiment-15-1,2385550,-0.241808,Encoding
Encode-Decode_Experiment-15-1,2362704,-0.729997,Encoding
Encode-Decode_Experiment-15-1,2410309,0.413012,Encoding
Encode-Decode_Experiment-15-1,2412687,2.720342,Encoding
Encode-Decode_Experiment-15-1,2409918,2.357866,Encoding
Encode-Decode_Experiment-15-1,2344622,1.846181,Encoding
Encode-Decode_Experiment-15-1,150472,1.306447,Encoding
Encode-Decode_Experiment-15-1,2385851,-1.46333,Encoding
Encode-Decode_Experiment-15-1,2383555,1.462279,Encoding
Encode-Decode_Experiment-15-1,2397102,2.239179,Encoding
Encode-Decode_Experiment-15-1,2348899,2.156522,Encoding
Encode-Decode_Experiment-15-1,2360001,0.797404,Encoding
Encode-Decode_Experiment-15-1,2370664,1.268825,Encoding
Encode-Decode_Experiment-15-1,2350974,1.187243,Encoding
Encode-Decode_Experiment-15-1,2356991,-0.764326,Encoding
Encode-Decode_Experiment-15-1,2387122,1.388081,Encoding
Encode-Decode_Experiment-15-1,2394020,1.790214,Encoding
Encode-Decode_Experiment-15-1,2345035,0.752731,Encoding
Encode-Decode_Experiment-15-1,2411268,3.119016,Encoding
Encode-Decode_Experiment-15-1,2367132,1.733934,Encoding
Encode-Decode_Experiment-15-1,2347400,-0.862426,Encoding
Encode-Decode_Experiment-15-1,2408717,0.567745,Encoding
Encode-Decode_Experiment-16-1,2412687,3.53271,Encoding
Encode-Decode_Experiment-16-1,2410309,0.272189,Encoding
Encode-Decode_Experiment-16-1,2397102,3.126477,Encoding
Encode-Decode_Experiment-16-1,2344622,1.83324,Encoding
Encode-Decode_Experiment-16-1,2409918,2.10284,Encoding
Encode-Decode_Experiment-16-1,2383555,-1.286726,Encoding
Encode-Decode_Experiment-16-1,2348899,1.436115,Encoding
Encode-Decode_Experiment-16-1,2385550,2.017657,Encoding
Encode-Decode_Experiment-16-1,2367132,1.909851,Encoding
Encode-Decode_Experiment-16-1,2374670,2.404801,Encoding
Encode-Decode_Experiment-16-1,2387122,1.590147,Encoding
Encode-Decode_Experiment-16-1,2411268,-0.831783,Encoding
Encode-Decode_Experiment-16-1,2385851,0.247999,Encoding
Encode-Decode_Experiment-16-1,2370664,0.39665,Encoding
Encode-Decode_Experiment-16-1,150472,2.496312,Encoding
Encode-Decode_Experiment-16-1,2408717,0.113107,Encoding
Encode-Decode_Experiment-16-1,2347400,0.556506,Encoding
Encode-Decode_Experiment-16-1,2371471,2.637567,Encoding
Encode-Decode_Experiment-16-1,2379478,0.536875,Encoding
Encode-Decode_Experiment-16-1,2356991,0.275001,Encoding
Encode-Decode_Experiment-16-1,2345035,-0.366943,Encoding
Encode-Decode_Experiment-16-1,2386442,5.016252,Encoding
Encode-Decode_Experiment-16-1,2347025,2.649492,Encoding
Encode-Decode_Experiment-16-1,2369373,1.927447,Encoding
Encode-Decode_Experiment-16-1,2362704,-0.303659,Encoding
Encode-Decode_Experiment-16-1,2394020,1.445197,Encoding
Encode-Decode_Experiment-16-1,2349475,3.687598,Encoding
Encode-Decode_Experiment-16-1,2356125,0.89003,Encoding
Encode-Decode_Experiment-16-1,2360001,1.054606,Encoding
Encode-Decode_Experiment-17-1,2410309,0.917876,Encoding
Encode-Decode_Experiment-17-1,2412687,2.276804,Encoding
Encode-Decode_Experiment-17-1,2356991,0.3468,Encoding
Encode-Decode_Experiment-17-1,2385550,1.33861,Encoding
Encode-Decode_Experiment-17-1,2371471,2.160601,Encoding
Encode-Decode_Experiment-17-1,2347400,1.893527,Encoding
Encode-Decode_Experiment-17-1,2344622,-0.185769,Encoding
Encode-Decode_Experiment-17-1,2356125,0.20174,Encoding
Encode-Decode_Experiment-17-1,2362704,-0.039814,Encoding
Encode-Decode_Experiment-17-1,2409918,3.22498,Encoding
Encode-Decode_Experiment-17-1,2348899,1.655856,Encoding
Encode-Decode_Experiment-17-1,2394020,1.963007,Encoding
Encode-Decode_Experiment-17-1,2411268,1.251015,Encoding
Encode-Decode_Experiment-17-1,2349475,0.258525,Encoding
Encode-Decode_Experiment-17-1,2369373,3.347629,Encoding
Encode-Decode_Experiment-17-1,2379478,3.270298,Encoding
Encode-Decode_Experiment-17-1,150472,2.186833,Encoding
Encode-Decode_Experiment-17-1,2383555,0.281654,Encoding
Encode-Decode_Experiment-17-1,2370664,1.700012,Encoding
Encode-Decode_Experiment-17-1,2345035,1.128184,Encoding
Encode-Decode_Experiment-17-1,2386442,2.949678,Encoding
Encode-Decode_Experiment-17-1,2397102,2.547407,Encoding
Encode-Decode_Experiment-17-1,2367132,1.208243,Encoding
Encode-Decode_Experiment-17-1,2347025,0.838812,Encoding
Encode-Decode_Experiment-17-1,2350974,1.356323,Encoding
Encode-Decode_Experiment-17-1,2360001,0.585336,Encoding
Encode-Decode_Experiment-17-1,2374670,0.850184,Encoding
Encode-Decode_Experiment-17-1,2387122,0.284995,Encoding
Encode-Decode_Experiment-17-1,2408717,0.957388,Encoding
Encode-Decode_Experiment-18-1,2383555,0.348292,Encoding
Encode-Decode_Experiment-18-1,2369373,2.250563,Encoding
Encode-Decode_Experiment-18-1,2409918,3.932721,Encoding
Encode-Decode_Experiment-18-1,2345035,2.77727,Encoding
Encode-Decode_Experiment-18-1,2386442,2.593652,Encoding
Encode-Decode_Experiment-18-1,2347025,1.643563,Encoding
Encode-Decode_Experiment-18-1,2385851,0.227211,Encoding
Encode-Decode_Experiment-18-1,2350974,-0.283036,Encoding
Encode-Decode_Experiment-18-1,2379478,0.753618,Encoding
Encode-Decode_Experiment-18-1,2349475,3.397228,Encoding
Encode-Decode_Experiment-18-1,2344622,0.983038,Encoding
Encode-Decode_Experiment-18-1,2371471,0.546285,Encoding
Encode-Decode_Experiment-18-1,2362704,0.674641,Encoding
Encode-Decode_Experiment-18-1,2397102,1.498719,Encoding
Encode-Decode_Experiment-18-1,2385550,0.562837,Encoding
Encode-Decode_Experiment-18-1,2408717,1.962992,Encoding
Encode-Decode_Experiment-18-1,150472,3.164777,Encoding
Encode-Decode_Experiment-18-1,2410309,0.053754,Encoding
Encode-Decode_Experiment-18-1,2387122,1.262319,Encoding
Encode-Decode_Experiment-18-1,2348899,5.317694,Encoding
Encode-Decode_Experiment-18-1,2374670,1.681049,Encoding
Encode-Decode_Experiment-18-1,2347400,1.855788,Encoding
Encode-Decode_Experiment-18-1,2412687,-0.296207,Encoding
Encode-Decode_Experiment-18-1,2356991,-0.330341,Encoding
Encode-Decode_Experiment-18-1,2356125,-0.02539,Encoding
Encode-Decode_Experiment-18-1,2370664,1.0759,Encoding
Encode-Decode_Experiment-18-1,2367132,2.156886,Encoding
Encode-Decode_Experiment-18-1,2411268,1.393231,Encoding
Encode-Decode_Experiment-18-1,2360001,0.674193,Encoding
Encode-Decode_Experiment-18-1,2394020,0.9848,Encoding
Encode-Decode_Experiment-19-1,2412687,0.594583,Encoding
Encode-Decode_Experiment-19-1,2348899,3.554172,Encoding
Encode-Decode_Experiment-19-1,2394020,-0.560789,Encoding
Encode-Decode_Experiment-19-1,2385550,1.054371,Encoding
Encode-Decode_Experiment-19-1,2347025,1.88866,Encoding
Encode-Decode_Experiment-19-1,2387122,1.054649,Encoding
Encode-Decode_Experiment-19-1,2371471,0.892957,Encoding
Encode-Decode_Experiment-19-1,2367132,2.298821,Encoding
Encode-Decode_Experiment-19-1,2369373,1.177042,Encoding
Encode-Decode_Experiment-19-1,2411268,2.027173,Encoding
Encode-Decode_Experiment-19-1,150472,1.495216,Encoding
Encode-Decode_Experiment-19-1,2356991,1.815724,Encoding
Encode-Decode_Experiment-19-1,2349475,2.13348,Encoding
Encode-Decode_Experiment-19-1,2344622,0.74694,Encoding
Encode-Decode_Experiment-19-1,2410309,0.459874,Encoding
Encode-Decode_Experiment-19-1,2345035,-0.638494,Encoding
Encode-Decode_Experiment-19-1,2386442,3.537108,Encoding
Encode-Decode_Experiment-19-1,2397102,1.862074,Encoding
Encode-Decode_Experiment-19-1,2409918,1.997894,Encoding
Encode-Decode_Experiment-19-1,2370664,1.770537,Encoding
Encode-Decode_Experiment-19-1,2362704,-2.04561,Encoding
Encode-Decode_Experiment-19-1,2360001,0.071524,Encoding
Encode-Decode_Experiment-19-1,2356125,-0.097269,Encoding
Encode-Decode_Experiment-19-1,2347400,2.016231,Encoding
Encode-Decode_Experiment-19-1,2379478,2.346921,Encoding
Encode-Decode_Experiment-19-1,2374670,2.284465,Encoding
Encode-Decode_Experiment-19-1,2408717,1.364214,Encoding
Encode-Decode_Experiment-2-1,2379478,2.942703,Encoding
Encode-Decode_Experiment-2-1,2411268,-0.059565,Encoding
Encode-Decode_Experiment-2-1,2409918,2.916308,Encoding
Encode-Decode_Experiment-2-1,2370664,2.493095,Encoding
Encode-Decode_Experiment-2-1,2356991,2.233021,Encoding
Encode-Decode_Experiment-2-1,2369373,-0.303299,Encoding
Encode-Decode_Experiment-2-1,2412687,-0.040379,Encoding
Encode-Decode_Experiment-2-1,2397102,2.738427,Encoding
Encode-Decode_Experiment-2-1,2362704,-0.038653,Encoding
Encode-Decode_Experiment-2-1,2385550,3.887289,Encoding
Encode-Decode_Experiment-2-1,2385851,-1.72387,Encoding
Encode-Decode_Experiment-2-1,2344622,-0.180776,Encoding
Encode-Decode_Experiment-2-1,2410309,-0.617491,Encoding
Encode-Decode_Experiment-2-1,2367132,1.739359,Encoding
Encode-Decode_Experiment-2-1,2350974,1.238422,Encoding
Encode-Decode_Experiment-2-1,2347025,0.402686,Encoding
Encode-Decode_Experiment-2-1,2360001,3.586813,Encoding
Encode-Decode_Experiment-2-1,2356125,-0.341781,Encoding
Encode-Decode_Experiment-2-1,2408717,-0.388201,Encoding
Encode-Decode_Experiment-2-1,2349475,1.361297,Encoding
Encode-Decode_Experiment-2-1,2345035,-0.712237,Encoding
Encode-Decode_Experiment-2-1,2371471,-0.517959,Encoding
Encode-Decode_Experiment-2-1,2347400,2.66112,Encoding
Encode-Decode_Experiment-2-1,2383555,-0.431965,Encoding
Encode-Decode_Experiment-2-1,2348899,3.657238,Encoding
Encode-Decode_Experiment-2-1,2374670,1.967398,Encoding
Encode-Decode_Experiment-2-1,2387122,0.340293,Encoding
Encode-Decode_Experiment-2-1,2386442,3.135572,Encoding
Encode-Decode_Experiment-2-1,2394020,2.282924,Encoding
Encode-Decode_Experiment-21-1,2409918,3.71484,Encoding
Encode-Decode_Experiment-21-1,2379478,2.046522,Encoding
Encode-Decode_Experiment-21-1,2411268,0.827011,Encoding
Encode-Decode_Experiment-21-1,2370664,1.973795,Encoding
Encode-Decode_Experiment-21-1,2410309,-0.800033,Encoding
Encode-Decode_Experiment-21-1,2367132,2.85317,Encoding
Encode-Decode_Experiment-21-1,2397102,1.702532,Encoding
Encode-Decode_Experiment-21-1,150472,3.303456,Encoding
Encode-Decode_Experiment-21-1,2356991,3.348202,Encoding
Encode-Decode_Experiment-21-1,2360001,2.375472,Encoding
Encode-Decode_Experiment-21-1,2412687,2.185584,Encoding
Encode-Decode_Experiment-21-1,2344622,0.30189,Encoding
Encode-Decode_Experiment-21-1,2348899,2.723637,Encoding
Encode-Decode_Experiment-21-1,2387122,0.737655,Encoding
Encode-Decode_Experiment-21-1,2385851,-0.810159,Encoding
Encode-Decode_Experiment-21-1,2347400,1.04241,Encoding
Encode-Decode_Experiment-21-1,2385550,3.618418,Encoding
Encode-Decode_Experiment-21-1,2383555,0.002885,Encoding
Encode-Decode_Experiment-21-1,2394020,1.934655,Encoding
Encode-Decode_Experiment-21-1,2347025,1.227062,Encoding
Encode-Decode_Experiment-21-1,2349475,2.696682,Encoding
Encode-Decode_Experiment-21-1,2369373,1.271186,Encoding
Encode-Decode_Experiment-21-1,2362704,-0.013585,Encoding
Encode-Decode_Experiment-21-1,2374670,1.782782,Encoding
Encode-Decode_Experiment-21-1,2356125,1.63741,Encoding
Encode-Decode_Experiment-21-1,2345035,3.167506,Encoding
Encode-Decode_Experiment-21-1,2371471,3.206654,Encoding
Encode-Decode_Experiment-21-1,2408717,0.864709,Encoding
Encode-Decode_Experiment-22-1,2397102,0.693269,Encoding
Encode-Decode_Experiment-22-1,2356991,-0.829805,Encoding
Encode-Decode_Experiment-22-1,150472,3.142934,Encoding
Encode-Decode_Experiment-22-1,2348899,1.51051,Encoding
Encode-Decode_Experiment-22-1,2370664,0.04343,Encoding
Encode-Decode_Experiment-22-1,2394020,3.265288,Encoding
Encode-Decode_Experiment-22-1,2385851,0.483521,Encoding
Encode-Decode_Experiment-22-1,2369373,0.553047,Encoding
Encode-Decode_Experiment-22-1,2374670,1.118331,Encoding
Encode-Decode_Experiment-22-1,2344622,1.072528,Encoding
Encode-Decode_Experiment-22-1,2371471,1.51968,Encoding
Encode-Decode_Experiment-22-1,2408717,1.121074,Encoding
Encode-Decode_Experiment-22-1,2412687,0.953935,Encoding
Encode-Decode_Experiment-22-1,2409918,1.32884,Encoding
Encode-Decode_Experiment-22-1,2356125,-0.592249,Encoding
Encode-Decode_Experiment-22-1,2385550,-0.315236,Encoding
Encode-Decode_Experiment-22-1,2386442,0.544681,Encoding
Encode-Decode_Experiment-22-1,2347025,-0.025477,Encoding
Encode-Decode_Experiment-22-1,2350974,2.788466,Encoding
Encode-Decode_Experiment-22-1,2410309,-0.312748,Encoding
Encode-Decode_Experiment-22-1,2411268,0.832156,Encoding
Encode-Decode_Experiment-22-1,2367132,1.863307,Encoding
Encode-Decode_Experiment-22-1,2349475,0.350369,Encoding
Encode-Decode_Experiment-22-1,2362704,0.629504,Encoding
Encode-Decode_Experiment-22-1,2360001,1.011119,Encoding
Encode-Decode_Experiment-22-1,2379478,3.612995,Encoding
Encode-Decode_Experiment-22-1,2347400,-0.911186,Encoding
Encode-Decode_Experiment-22-1,2387122,1.913484,Encoding
Encode-Decode_Experiment-22-1,2383555,-0.438785,Encoding
Encode-Decode_Experiment-22-1,2345035,-0.270662,Encoding
Encode-Decode_Experiment-23-1,2411268,2.721091,Encoding
Encode-Decode_Experiment-23-1,2374670,2.995786,Encoding
Encode-Decode_Experiment-23-1,2408717,0.350991,Encoding
Encode-Decode_Experiment-23-1,2356991,0.520592,Encoding
Encode-Decode_Experiment-23-1,2410309,-0.175706,Encoding
Encode-Decode_Experiment-23-1,2345035,0.929464,Encoding
Encode-Decode_Experiment-23-1,2397102,4.73642,Encoding
Encode-Decode_Experiment-23-1,2371471,2.249736,Encoding
Encode-Decode_Experiment-23-1,2370664,3.596008,Encoding
Encode-Decode_Experiment-23-1,2379478,3.795466,Encoding
Encode-Decode_Experiment-23-1,2367132,5.609256,Encoding
Encode-Decode_Experiment-23-1,2394020,2.743835,Encoding
Encode-Decode_Experiment-23-1,2360001,2.249558,Encoding
Encode-Decode_Experiment-23-1,2347400,-0.758961,Encoding
Encode-Decode_Experiment-23-1,2344622,1.821384,Encoding
Encode-Decode_Experiment-23-1,2412687,1.552628,Encoding
Encode-Decode_Experiment-23-1,2386442,1.878796,Encoding
Encode-Decode_Experiment-23-1,150472,2.317674,Encoding
Encode-Decode_Experiment-23-1,2356125,0.00145,Encoding
Encode-Decode_Experiment-23-1,2383555,1.59541,Encoding
Encode-Decode_Experiment-23-1,2362704,1.758887,Encoding
Encode-Decode_Experiment-23-1,2349475,-0.215326,Encoding
Encode-Decode_Experiment-23-1,2385550,1.059924,Encoding
Encode-Decode_Experiment-23-1,2387122,1.978841,Encoding
Encode-Decode_Experiment-23-1,2369373,1.534609,Encoding
Encode-Decode_Experiment-23-1,2347025,2.391907,Encoding
Encode-Decode_Experiment-23-1,2348899,2.899123,Encoding
Encode-Decode_Experiment-23-1,2385851,-0.393241,Encoding
Encode-Decode_Experiment-23-1,2350974,1.166373,Encoding
Encode-Decode_Experiment-23-1,2409918,0.736856,Encoding
Encode-Decode_Experiment-3-1,2348899,3.279277,Encoding
Encode-Decode_Experiment-3-1,2385550,2.26658,Encoding
Encode-Decode_Experiment-3-1,2349475,0.216151,Encoding
Encode-Decode_Experiment-3-1,2350974,1.444636,Encoding
Encode-Decode_Experiment-3-1,2356125,1.119936,Encoding
Encode-Decode_Experiment-3-1,2387122,1.381418,Encoding
Encode-Decode_Experiment-3-1,2369373,0.349444,Encoding
Encode-Decode_Experiment-3-1,2394020,3.105162,Encoding
Encode-Decode_Experiment-3-1,2370664,-1.128279,Encoding
Encode-Decode_Experiment-3-1,2411268,3.57868,Encoding
Encode-Decode_Experiment-3-1,2385851,1.839034,Encoding
Encode-Decode_Experiment-3-1,2379478,2.072886,Encoding
Encode-Decode_Experiment-3-1,2347400,1.877402,Encoding
Encode-Decode_Experiment-3-1,2386442,0.498843,Encoding
Encode-Decode_Experiment-3-1,2344622,-1.081075,Encoding
Encode-Decode_Experiment-3-1,2410309,-1.443282,Encoding
Encode-Decode_Experiment-3-1,2408717,0.164515,Encoding
Encode-Decode_Experiment-3-1,2345035,-0.365438,Encoding
Encode-Decode_Experiment-3-1,2409918,3.627187,Encoding
Encode-Decode_Experiment-3-1,2367132,4.318453,Encoding
Encode-Decode_Experiment-3-1,2397102,1.582836,Encoding
Encode-Decode_Experiment-3-1,2362704,1.626985,Encoding
Encode-Decode_Experiment-3-1,2356991,0.862708,Encoding
Encode-Decode_Experiment-3-1,2347025,-2.704414,Encoding
Encode-Decode_Experiment-3-1,2374670,0.358325,Encoding
Encode-Decode_Experiment-3-1,2360001,3.495624,Encoding
Encode-Decode_Experiment-4-1,2397102,3.868398,Encoding
Encode-Decode_Experiment-4-1,2356125,-0.932934,Encoding
Encode-Decode_Experiment-4-1,2347400,0.428775,Encoding
Encode-Decode_Experiment-4-1,2379478,2.286533,Encoding
Encode-Decode_Experiment-4-1,2385550,0.942902,Encoding
Encode-Decode_Experiment-4-1,2362704,-0.063127,Encoding
Encode-Decode_Experiment-4-1,2394020,2.272976,Encoding
Encode-Decode_Experiment-4-1,2374670,1.163703,Encoding
Encode-Decode_Experiment-4-1,2409918,2.266893,Encoding
Encode-Decode_Experiment-4-1,2345035,0.221811,Encoding
Encode-Decode_Experiment-4-1,2383555,-1.261587,Encoding
Encode-Decode_Experiment-4-1,2386442,3.480106,Encoding
Encode-Decode_Experiment-4-1,2385851,-0.167408,Encoding
Encode-Decode_Experiment-4-1,2369373,1.294669,Encoding
Encode-Decode_Experiment-4-1,2410309,-0.958025,Encoding
Encode-Decode_Experiment-4-1,2412687,2.222007,Encoding
Encode-Decode_Experiment-4-1,2349475,1.760613,Encoding
Encode-Decode_Experiment-4-1,2347025,2.310167,Encoding
Encode-Decode_Experiment-4-1,2360001,2.558547,Encoding
Encode-Decode_Experiment-4-1,2370664,-1.096386,Encoding
Encode-Decode_Experiment-4-1,2411268,1.906393,Encoding
Encode-Decode_Experiment-4-1,2387122,0.991322,Encoding
Encode-Decode_Experiment-4-1,2344622,-0.064716,Encoding
Encode-Decode_Experiment-4-1,2408717,1.081479,Encoding
Encode-Decode_Experiment-4-1,2367132,5.522816,Encoding
Encode-Decode_Experiment-4-1,2348899,3.054412,Encoding
Encode-Decode_Experiment-4-1,2356991,0.880077,Encoding
Encode-Decode_Experiment-4-1,2371471,2.72293,Encoding
Encode-Decode_Experiment-4-1,2350974,2.777198,Encoding
Encode-Decode_Experiment-4-1,150472,-0.564194,Encoding
Encode-Decode_Experiment-5-1,2349475,0.197291,Encoding
Encode-Decode_Experiment-5-1,2360001,0.680193,Encoding
Encode-Decode_Experiment-5-1,2348899,3.614014,Encoding
Encode-Decode_Experiment-5-1,2410309,1.441032,Encoding
Encode-Decode_Experiment-5-1,2345035,-0.04067,Encoding
Encode-Decode_Experiment-5-1,2374670,2.240587,Encoding
Encode-Decode_Experiment-5-1,2367132,3.786058,Encoding
Encode-Decode_Experiment-5-1,150472,-0.177481,Encoding
Encode-Decode_Experiment-5-1,2347025,1.340763,Encoding
Encode-Decode_Experiment-5-1,2344622,1.314491,Encoding
Encode-Decode_Experiment-5-1,2408717,0.377763,Encoding
Encode-Decode_Experiment-5-1,2356991,0.395336,Encoding
Encode-Decode_Experiment-5-1,2362704,0.22396,Encoding
Encode-Decode_Experiment-5-1,2385851,1.34587,Encoding
Encode-Decode_Experiment-5-1,2370664,1.20033,Encoding
Encode-Decode_Experiment-5-1,2356125,0.716094,Encoding
Encode-Decode_Experiment-5-1,2386442,1.576004,Encoding
Encode-Decode_Experiment-5-1,2371471,4.301377,Encoding
Encode-Decode_Experiment-5-1,2385550,3.770713,Encoding
Encode-Decode_Experiment-5-1,2350974,2.414235,Encoding
Encode-Decode_Experiment-5-1,2369373,0.9707,Encoding
Encode-Decode_Experiment-5-1,2409918,3.531989,Encoding
Encode-Decode_Experiment-5-1,2411268,3.061704,Encoding
Encode-Decode_Experiment-5-1,2412687,1.767239,Encoding
Encode-Decode_Experiment-5-1,2383555,0.42655,Encoding
Encode-Decode_Experiment-5-1,2397102,2.223081,Encoding
Encode-Decode_Experiment-5-1,2394020,1.231192,Encoding
Encode-Decode_Experiment-5-1,2379478,2.174573,Encoding
Encode-Decode_Experiment-5-1,2387122,0.781939,Encoding
Encode-Decode_Experiment-5-1,2347400,-0.821669,Encoding
Encode-Decode_Experiment-6-1,2362704,-1.302329,Encoding
Encode-Decode_Experiment-6-1,2371471,-0.108096,Encoding
Encode-Decode_Experiment-6-1,2360001,0.094561,Encoding
Encode-Decode_Experiment-6-1,2383555,1.270381,Encoding
Encode-Decode_Experiment-6-1,2347025,1.820358,Encoding
Encode-Decode_Experiment-6-1,2367132,4.860642,Encoding
Encode-Decode_Experiment-6-1,2349475,2.858102,Encoding
Encode-Decode_Experiment-6-1,2344622,0.93141,Encoding
Encode-Decode_Experiment-6-1,2374670,1.376729,Encoding
Encode-Decode_Experiment-6-1,2370664,1.453932,Encoding
Encode-Decode_Experiment-6-1,2385851,-1.267184,Encoding
Encode-Decode_Experiment-6-1,2385550,2.072578,Encoding
Encode-Decode_Experiment-6-1,2348899,4.483277,Encoding
Encode-Decode_Experiment-6-1,2410309,0.146256,Encoding
Encode-Decode_Experiment-6-1,2369373,0.621913,Encoding
Encode-Decode_Experiment-6-1,2379478,2.028131,Encoding
Encode-Decode_Experiment-6-1,150472,0.474679,Encoding
Encode-Decode_Experiment-6-1,2347400,2.17182,Encoding
Encode-Decode_Experiment-6-1,2345035,-0.148175,Encoding
Encode-Decode_Experiment-6-1,2356125,2.164107,Encoding
Encode-Decode_Experiment-6-1,2387122,-0.695479,Encoding
Encode-Decode_Experiment-6-1,2397102,3.537953,Encoding
Encode-Decode_Experiment-6-1,2408717,0.320873,Encoding
Encode-Decode_Experiment-6-1,2411268,2.856999,Encoding
Encode-Decode_Experiment-6-1,2394020,1.609743,Encoding
Encode-Decode_Experiment-6-1,2409918,3.162689,Encoding
Encode-Decode_Experiment-6-1,2350974,0.251489,Encoding
Encode-Decode_Experiment-6-1,2356991,1.231862,Encoding
Encode-Decode_Experiment-6-1,2386442,2.162875,Encoding
Encode-Decode_Experiment-7-1,2412687,2.367052,Encoding
Encode-Decode_Experiment-7-1,2370664,-0.476501,Encoding
Encode-Decode_Experiment-7-1,2348899,4.361161,Encoding
Encode-Decode_Experiment-7-1,2374670,1.723575,Encoding
Encode-Decode_Experiment-7-1,2349475,1.168375,Encoding
Encode-Decode_Experiment-7-1,2385851,-0.59932,Encoding
Encode-Decode_Experiment-7-1,2345035,0.920261,Encoding
Encode-Decode_Experiment-7-1,150472,-0.061759,Encoding
Encode-Decode_Experiment-7-1,2397102,3.516968,Encoding
Encode-Decode_Experiment-7-1,2367132,3.808607,Encoding
Encode-Decode_Experiment-7-1,2347400,1.044923,Encoding
Encode-Decode_Experiment-7-1,2356125,0.999422,Encoding
Encode-Decode_Experiment-7-1,2369373,0.253614,Encoding
Encode-Decode_Experiment-7-1,2383555,-0.446976,Encoding
Encode-Decode_Experiment-7-1,2347025,-0.043875,Encoding
Encode-Decode_Experiment-7-1,2409918,2.305752,Encoding
Encode-Decode_Experiment-7-1,2360001,-0.923181,Encoding
Encode-Decode_Experiment-7-1,2386442,4.597711,Encoding
Encode-Decode_Experiment-7-1,2371471,1.637744,Encoding
Encode-Decode_Experiment-7-1,2362704,-0.16535,Encoding
Encode-Decode_Experiment-7-1,2356991,2.133214,Encoding
Encode-Decode_Experiment-7-1,2411268,1.144819,Encoding
Encode-Decode_Experiment-7-1,2379478,2.108371,Encoding
Encode-Decode_Experiment-7-1,2387122,3.070555,Encoding
Encode-Decode_Experiment-7-1,2344622,0.238319,Encoding
Encode-Decode_Experiment-7-1,2408717,-1.189047,Encoding
Encode-Decode_Experiment-7-1,2394020,0.790939,Encoding
Encode-Decode_Experiment-7-1,2410309,-0.087023,Encoding
Encode-Decode_Experiment-7-1,2385550,2.273263,Encoding
Encode-Decode_Experiment-8-1,2379478,4.686633,Encoding
Encode-Decode_Experiment-8-1,2412687,1.068343,Encoding
Encode-Decode_Experiment-8-1,2387122,1.620028,Encoding
Encode-Decode_Experiment-8-1,2356125,-0.356657,Encoding
Encode-Decode_Experiment-8-1,2369373,1.724023,Encoding
Encode-Decode_Experiment-8-1,2386442,2.030178,Encoding
Encode-Decode_Experiment-8-1,2385851,0.078995,Encoding
Encode-Decode_Experiment-8-1,2344622,0.740039,Encoding
Encode-Decode_Experiment-8-1,2397102,1.777004,Encoding
Encode-Decode_Experiment-8-1,2347025,1.827185,Encoding
Encode-Decode_Experiment-8-1,2367132,5.506288,Encoding
Encode-Decode_Experiment-8-1,2394020,2.473633,Encoding
Encode-Decode_Experiment-8-1,2374670,1.101313,Encoding
Encode-Decode_Experiment-8-1,2370664,-0.305305,Encoding
Encode-Decode_Experiment-8-1,2383555,0.383986,Encoding
Encode-Decode_Experiment-8-1,150472,4.343493,Encoding
Encode-Decode_Experiment-8-1,2411268,2.258949,Encoding
Encode-Decode_Experiment-8-1,2409918,3.421564,Encoding
Encode-Decode_Experiment-8-1,2385550,2.977303,Encoding
Encode-Decode_Experiment-8-1,2360001,3.005024,Encoding
Encode-Decode_Experiment-8-1,2371471,2.388356,Encoding
Encode-Decode_Experiment-8-1,2408717,-0.010592,Encoding
Encode-Decode_Experiment-8-1,2350974,4.085374,Encoding
Encode-Decode_Experiment-8-1,2349475,2.376899,Encoding
Encode-Decode_Experiment-8-1,2356991,0.141878,Encoding
Encode-Decode_Experiment-8-1,2348899,3.753047,Encoding
Encode-Decode_Experiment-8-1,2362704,1.429063,Encoding
Encode-Decode_Experiment-8-1,2345035,1.908325,Encoding
Encode-Decode_Experiment-8-1,2410309,2.077864,Encoding
Encode-Decode_Experiment-8-1,2347400,0.440057,Encoding
Encode-Decode_Experiment-9-1,2362704,1.337551,Encoding
Encode-Decode_Experiment-9-1,2370664,1.747584,Encoding
Encode-Decode_Experiment-9-1,2409918,2.706459,Encoding
Encode-Decode_Experiment-9-1,2387122,0.352565,Encoding
Encode-Decode_Experiment-9-1,2347400,1.758862,Encoding
Encode-Decode_Experiment-9-1,2412687,1.884497,Encoding
Encode-Decode_Experiment-9-1,2347025,2.564369,Encoding
Encode-Decode_Experiment-9-1,2386442,3.313444,Encoding
Encode-Decode_Experiment-9-1,2383555,2.081472,Encoding
Encode-Decode_Experiment-9-1,2394020,-0.672137,Encoding
Encode-Decode_Experiment-9-1,2360001,0.267261,Encoding
Encode-Decode_Experiment-9-1,2356125,0.412226,Encoding
Encode-Decode_Experiment-9-1,2345035,-0.383506,Encoding
Encode-Decode_Experiment-9-1,2379478,1.738933,Encoding
Encode-Decode_Experiment-9-1,2397102,-0.148656,Encoding
Encode-Decode_Experiment-9-1,2408717,1.517586,Encoding
Encode-Decode_Experiment-9-1,2350974,1.491023,Encoding
Encode-Decode_Experiment-9-1,2369373,-2.418143,Encoding
Encode-Decode_Experiment-9-1,2356991,1.058983,Encoding
Encode-Decode_Experiment-9-1,2411268,0.826002,Encoding
Encode-Decode_Experiment-9-1,2367132,2.374286,Encoding
Encode-Decode_Experiment-9-1,2374670,3.275525,Encoding
Encode-Decode_Experiment-9-1,2385550,1.452051,Encoding
Encode-Decode_Experiment-9-1,2344622,-0.511565,Encoding
Encode-Decode_Experiment-9-1,2385851,0.605718,Encoding
Encode-Decode_Experiment-9-1,2349475,0.296585,Encoding
Encode-Decode_Experiment-9-1,2410309,-1.189863,Encoding
Encode-Decode_Experiment-9-1,2348899,-0.024969,Encoding
Encode-Decode_Experiment-9-1,150472,-0.868502,Encoding
Encode-Decode_Experiment-1-1,2367132,0.318221,Decoding
Encode-Decode_Experiment-1-1,2408717,-0.481428,Decoding
Encode-Decode_Experiment-1-1,2370664,-0.541137,Decoding
Encode-Decode_Experiment-1-1,2409918,-0.921624,Decoding
Encode-Decode_Experiment-1-1,2374670,0.828019,Decoding
Encode-Decode_Experiment-1-1,2394020,1.555962,Decoding
Encode-Decode_Experiment-1-1,2387122,0.315373,Decoding
Encode-Decode_Experiment-1-1,2369373,0.250421,Decoding
Encode-Decode_Experiment-1-1,2385550,1.27053,Decoding
Encode-Decode_Experiment-1-1,2350974,-0.436861,Decoding
Encode-Decode_Experiment-1-1,2385851,0.106475,Decoding
Encode-Decode_Experiment-1-1,2347400,-1.108892,Decoding
Encode-Decode_Experiment-1-1,2347025,2.153473,Decoding
Encode-Decode_Experiment-1-1,2410309,0.869228,Decoding
Encode-Decode_Experiment-1-1,150472,0.198436,Decoding
Encode-Decode_Experiment-1-1,2386442,-0.292939,Decoding
Encode-Decode_Experiment-1-1,2397102,-0.70186,Decoding
Encode-Decode_Experiment-1-1,2345035,-0.963741,Decoding
Encode-Decode_Experiment-1-1,2411268,1.847853,Decoding
Encode-Decode_Experiment-1-1,2348899,0.12414,Decoding
Encode-Decode_Experiment-1-1,2360001,1.295706,Decoding
Encode-Decode_Experiment-1-1,2349475,2.117316,Decoding
Encode-Decode_Experiment-1-1,2383555,1.132425,Decoding
Encode-Decode_Experiment-10-1,2385550,-0.949832,Decoding
Encode-Decode_Experiment-10-1,2408717,1.365532,Decoding
Encode-Decode_Experiment-10-1,2371471,0.644135,Decoding
Encode-Decode_Experiment-10-1,2379478,0.27414,Decoding
Encode-Decode_Experiment-10-1,2369373,1.456946,Decoding
Encode-Decode_Experiment-10-1,2409918,-1.936728,Decoding
Encode-Decode_Experiment-10-1,2348899,-1.125504,Decoding
Encode-Decode_Experiment-10-1,2356125,-0.063111,Decoding
Encode-Decode_Experiment-10-1,2374670,-0.290921,Decoding
Encode-Decode_Experiment-10-1,2362704,1.128002,Decoding
Encode-Decode_Experiment-11-1,2410309,0.766438,Decoding
Encode-Decode_Experiment-11-1,2394020,1.496087,Decoding
Encode-Decode_Experiment-11-1,2360001,3.366478,Decoding
Encode-Decode_Experiment-11-1,150472,-0.6025,Decoding
Encode-Decode_Experiment-11-1,2385851,-0.80044,Decoding
Encode-Decode_Experiment-11-1,2374670,0.566289,Decoding
Encode-Decode_Experiment-11-1,2367132,0.788538,Decoding
Encode-Decode_Experiment-11-1,2386442,-0.167089,Decoding
Encode-Decode_Experiment-11-1,2345035,-1.604968,Decoding
Encode-Decode_Experiment-11-1,2379478,-0.196456,Decoding
Encode-Decode_Experiment-11-1,2385550,2.628302,Decoding
Encode-Decode_Experiment-11-1,2362704,-1.010002,Decoding
Encode-Decode_Experiment-11-1,2348899,1.539349,Decoding
Encode-Decode_Experiment-11-1,2387122,-1.520218,Decoding
Encode-Decode_Experiment-11-1,2347400,0.004447,Decoding
Encode-Decode_Experiment-11-1,2349475,0.87865,Decoding
Encode-Decode_Experiment-12-1,2374670,-1.168423,Decoding
Encode-Decode_Experiment-12-1,2360001,-0.032259,Decoding
Encode-Decode_Experiment-12-1,2385851,0.153319,Decoding
Encode-Decode_Experiment-12-1,2383555,0.818435,Decoding
Encode-Decode_Experiment-12-1,2410309,0.306833,Decoding
Encode-Decode_Experiment-12-1,2411268,-0.625771,Decoding
Encode-Decode_Experiment-12-1,150472,-1.064549,Decoding
Encode-Decode_Experiment-12-1,2379478,-0.033703,Decoding
Encode-Decode_Experiment-12-1,2409918,-1.126515,Decoding
Encode-Decode_Experiment-12-1,2349475,0.345877,Decoding
Encode-Decode_Experiment-13-1,2386442,1.175095,Decoding
Encode-Decode_Experiment-13-1,2369373,-1.02837,Decoding
Encode-Decode_Experiment-13-1,2360001,-0.63251,Decoding
Encode-Decode_Experiment-13-1,2379478,-0.020923,Decoding
Encode-Decode_Experiment-13-1,2383555,-0.710343,Decoding
Encode-Decode_Experiment-13-1,2349475,0.733089,Decoding
Encode-Decode_Experiment-13-1,2348899,0.018788,Decoding
Encode-Decode_Experiment-13-1,2410309,0.012783,Decoding
Encode-Decode_Experiment-14-1,2369373,0.656337,Decoding
Encode-Decode_Experiment-14-1,2387122,-0.505286,Decoding
Encode-Decode_Experiment-14-1,2362704,-0.379442,Decoding
Encode-Decode_Experiment-14-1,2348899,1.158582,Decoding
Encode-Decode_Experiment-14-1,2409918,-0.14946,Decoding
Encode-Decode_Experiment-14-1,2397102,0.724589,Decoding
Encode-Decode_Experiment-14-1,2371471,1.289033,Decoding
Encode-Decode_Experiment-14-1,2367132,-1.306166,Decoding
Encode-Decode_Experiment-14-1,2385550,0.148202,Decoding
Encode-Decode_Experiment-14-1,2370664,-0.880151,Decoding
Encode-Decode_Experiment-14-1,2410309,-0.810111,Decoding
Encode-Decode_Experiment-14-1,2344622,0.517849,Decoding
Encode-Decode_Experiment-14-1,2411268,1.243391,Decoding
Encode-Decode_Experiment-14-1,2360001,0.07044,Decoding
Encode-Decode_Experiment-14-1,2412687,-0.049665,Decoding
Encode-Decode_Experiment-14-1,2386442,-0.222458,Decoding
Encode-Decode_Experiment-14-1,2349475,0.10635,Decoding
Encode-Decode_Experiment-14-1,2379478,-0.499393,Decoding
Encode-Decode_Experiment-14-1,2347025,0.364068,Decoding
Encode-Decode_Experiment-14-1,2350974,1.329524,Decoding
Encode-Decode_Experiment-14-1,2385851,0.408758,Decoding
Encode-Decode_Experiment-14-1,2374670,2.865198,Decoding
Encode-Decode_Experiment-14-1,150472,1.068055,Decoding
Encode-Decode_Experiment-14-1,2347400,1.364864,Decoding
Encode-Decode_Experiment-15-1,2348899,0.855981,Decoding
Encode-Decode_Experiment-15-1,2411268,-1.068241,Decoding
Encode-Decode_Experiment-15-1,2386442,-0.023239,Decoding
Encode-Decode_Experiment-16-1,150472,0.853957,Decoding
Encode-Decode_Experiment-16-1,2410309,-0.290182,Decoding
Encode-Decode_Experiment-16-1,2367132,1.240296,Decoding
Encode-Decode_Experiment-16-1,2348899,0.796965,Decoding
Encode-Decode_Experiment-16-1,2349475,2.547559,Decoding
Encode-Decode_Experiment-16-1,2360001,0.642639,Decoding
Encode-Decode_Experiment-16-1,2345035,2.539815,Decoding
Encode-Decode_Experiment-16-1,2374670,2.415888,Decoding
Encode-Decode_Experiment-16-1,2385550,-0.393193,Decoding
Encode-Decode_Experiment-16-1,2386442,0.937838,Decoding
Encode-Decode_Experiment-16-1,2371471,1.633731,Decoding
Encode-Decode_Experiment-16-1,2397102,-1.292156,Decoding
Encode-Decode_Experiment-16-1,2347400,-0.314094,Decoding
Encode-Decode_Experiment-16-1,2347025,1.316784,Decoding
Encode-Decode_Experiment-16-1,2394020,-0.023248,Decoding
Encode-Decode_Experiment-16-1,2387122,1.057662,Decoding
Encode-Decode_Experiment-16-1,2412687,1.833169,Decoding
Encode-Decode_Experiment-16-1,2362704,-0.844904,Decoding
Encode-Decode_Experiment-16-1,2369373,0.512798,Decoding
Encode-Decode_Experiment-16-1,2370664,0.568007,Decoding
Encode-Decode_Experiment-16-1,2379478,-1.3402,Decoding
Encode-Decode_Experiment-17-1,2394020,1.3108,Decoding
Encode-Decode_Experiment-17-1,2385550,-0.37788,Decoding
Encode-Decode_Experiment-17-1,2349475,0.921326,Decoding
Encode-Decode_Experiment-17-1,2409918,-0.028865,Decoding
Encode-Decode_Experiment-17-1,2408717,0.325875,Decoding
Encode-Decode_Experiment-17-1,2410309,-0.552201,Decoding
Encode-Decode_Experiment-17-1,2367132,-0.664706,Decoding
Encode-Decode_Experiment-17-1,2360001,-0.300392,Decoding
Encode-Decode_Experiment-17-1,2350974,-0.621856,Decoding
Encode-Decode_Experiment-17-1,2362704,0.193319,Decoding
Encode-Decode_Experiment-17-1,2386442,1.356742,Decoding
Encode-Decode_Experiment-17-1,2356991,0.440218,Decoding
Encode-Decode_Experiment-17-1,2374670,1.250858,Decoding
Encode-Decode_Experiment-18-1,2379478,2.293972,Decoding
Encode-Decode_Experiment-18-1,2385851,-0.604881,Decoding
Encode-Decode_Experiment-18-1,2344622,1.43743,Decoding
Encode-Decode_Experiment-18-1,150472,0.295667,Decoding
Encode-Decode_Experiment-18-1,2394020,0.787265,Decoding
Encode-Decode_Experiment-18-1,2356125,-1.09415,Decoding
Encode-Decode_Experiment-18-1,2367132,-0.328323,Decoding
Encode-Decode_Experiment-18-1,2408717,1.514416,Decoding
Encode-Decode_Experiment-18-1,2371471,1.201969,Decoding
Encode-Decode_Experiment-18-1,2362704,-0.67707,Decoding
Encode-Decode_Experiment-18-1,2369373,1.879908,Decoding
Encode-Decode_Experiment-18-1,2411268,0.574801,Decoding
Encode-Decode_Experiment-18-1,2386442,-0.17557,Decoding
Encode-Decode_Experiment-18-1,2350974,0.453086,Decoding
Encode-Decode_Experiment-18-1,2383555,-1.083117,Decoding
Encode-Decode_Experiment-18-1,2410309,1.531511,Decoding
Encode-Decode_Experiment-18-1,2409918,1.307519,Decoding
Encode-Decode_Experiment-18-1,2345035,-0.626981,Decoding
Encode-Decode_Experiment-18-1,2385550,0.757391,Decoding
Encode-Decode_Experiment-18-1,2387122,0.175713,Decoding
Encode-Decode_Experiment-18-1,2374670,-0.193424,Decoding
Encode-Decode_Experiment-18-1,2412687,-1.179478,Decoding
Encode-Decode_Experiment-18-1,2360001,1.143904,Decoding
Encode-Decode_Experiment-19-1,2356125,-0.441702,Decoding
Encode-Decode_Experiment-19-1,2344622,0.337445,Decoding
Encode-Decode_Experiment-19-1,2347025,0.451547,Decoding
Encode-Decode_Experiment-19-1,2347400,-1.592284,Decoding
Encode-Decode_Experiment-19-1,2412687,-0.342168,Decoding
Encode-Decode_Experiment-19-1,2409918,2.163476,Decoding
Encode-Decode_Experiment-19-1,2360001,-0.513065,Decoding
Encode-Decode_Experiment-19-1,2411268,0.440751,Decoding
Encode-Decode_Experiment-19-1,2362704,-1.312373,Decoding
Encode-Decode_Experiment-19-1,2385550,0.22652,Decoding
Encode-Decode_Experiment-19-1,150472,-1.080984,Decoding
Encode-Decode_Experiment-19-1,2394020,2.131304,Decoding
Encode-Decode_Experiment-19-1,2386442,0.556048,Decoding
Encode-Decode_Experiment-19-1,2369373,-1.00968,Decoding
Encode-Decode_Experiment-19-1,2379478,0.704485,Decoding
Encode-Decode_Experiment-19-1,2345035,0.410965,Decoding
Encode-Decode_Experiment-19-1,2367132,1.821382,Decoding
Encode-Decode_Experiment-19-1,2348899,2.144823,Decoding
Encode-Decode_Experiment-19-1,2374670,0.121787,Decoding
Encode-Decode_Experiment-19-1,2408717,0.869027,Decoding
Encode-Decode_Experiment-2-1,2362704,-0.933665,Decoding
Encode-Decode_Experiment-2-1,2386442,0.735598,Decoding
Encode-Decode_Experiment-2-1,2349475,-0.566398,Decoding
Encode-Decode_Experiment-2-1,2385851,0.625965,Decoding
Encode-Decode_Experiment-2-1,2412687,-0.790705,Decoding
Encode-Decode_Experiment-2-1,2374670,-1.056734,Decoding
Encode-Decode_Experiment-2-1,2345035,-0.443544,Decoding
Encode-Decode_Experiment-2-1,2383555,0.162898,Decoding
Encode-Decode_Experiment-2-1,2347400,1.481503,Decoding
Encode-Decode_Experiment-2-1,2347025,0.454263,Decoding
Encode-Decode_Experiment-2-1,2385550,0.615193,Decoding
Encode-Decode_Experiment-2-1,2348899,-0.693542,Decoding
Encode-Decode_Experiment-2-1,2409918,1.047002,Decoding
Encode-Decode_Experiment-2-1,2379478,-0.149754,Decoding
Encode-Decode_Experiment-2-1,2397102,0.592632,Decoding
Encode-Decode_Experiment-2-1,2344622,1.708447,Decoding
Encode-Decode_Experiment-2-1,2350974,-3.026211,Decoding
Encode-Decode_Experiment-21-1,2412687,1.106095,Decoding
Encode-Decode_Experiment-21-1,2394020,1.222737,Decoding
Encode-Decode_Experiment-21-1,2409918,-0.500207,Decoding
Encode-Decode_Experiment-21-1,2410309,1.495002,Decoding
Encode-Decode_Experiment-21-1,2379478,-0.875025,Decoding
Encode-Decode_Experiment-21-1,2360001,0.668011,Decoding
Encode-Decode_Experiment-21-1,2383555,0.910441,Decoding
Encode-Decode_Experiment-21-1,2349475,1.162983,Decoding
Encode-Decode_Experiment-21-1,150472,1.119141,Decoding
Encode-Decode_Experiment-21-1,2345035,-0.638396,Decoding
Encode-Decode_Experiment-21-1,2348899,0.870345,Decoding
Encode-Decode_Experiment-21-1,2374670,-1.567377,Decoding
Encode-Decode_Experiment-21-1,2411268,-0.574045,Decoding
Encode-Decode_Experiment-22-1,2347025,1.275439,Decoding
Encode-Decode_Experiment-22-1,2410309,-0.964803,Decoding
Encode-Decode_Experiment-22-1,2374670,0.180968,Decoding
Encode-Decode_Experiment-22-1,2412687,-1.607577,Decoding
Encode-Decode_Experiment-22-1,2344622,-1.11953,Decoding
Encode-Decode_Experiment-22-1,2386442,-0.946279,Decoding
Encode-Decode_Experiment-22-1,2394020,1.473548,Decoding
Encode-Decode_Experiment-22-1,150472,-1.171168,Decoding
Encode-Decode_Experiment-22-1,2347400,0.130979,Decoding
Encode-Decode_Experiment-22-1,2379478,0.138374,Decoding
Encode-Decode_Experiment-22-1,2369373,0.569521,Decoding
Encode-Decode_Experiment-22-1,2409918,-0.859684,Decoding
Encode-Decode_Experiment-22-1,2411268,-1.535388,Decoding
Encode-Decode_Experiment-22-1,2360001,-0.509967,Decoding
Encode-Decode_Experiment-22-1,2362704,-1.243589,Decoding
Encode-Decode_Experiment-22-1,2356991,-1.897718,Decoding
Encode-Decode_Experiment-22-1,2387122,-0.162217,Decoding
Encode-Decode_Experiment-23-1,2408717,0.787742,Decoding
Encode-Decode_Experiment-23-1,2356125,0.946693,Decoding
Encode-Decode_Experiment-23-1,2344622,-0.341277,Decoding
Encode-Decode_Experiment-23-1,2367132,1.231666,Decoding
Encode-Decode_Experiment-23-1,2410309,-1.435236,Decoding
Encode-Decode_Experiment-23-1,2360001,-0.802464,Decoding
Encode-Decode_Experiment-23-1,2379478,-0.210028,Decoding
Encode-Decode_Experiment-23-1,2394020,1.061443,Decoding
Encode-Decode_Experiment-23-1,2349475,0.529537,Decoding
Encode-Decode_Experiment-23-1,2386442,-0.637445,Decoding
Encode-Decode_Experiment-23-1,2385550,1.426839,Decoding
Encode-Decode_Experiment-23-1,2369373,-1.552691,Decoding
Encode-Decode_Experiment-3-1,2349475,1.059161,Decoding
Encode-Decode_Experiment-3-1,2348899,0.492761,Decoding
Encode-Decode_Experiment-3-1,2370664,-0.477396,Decoding
Encode-Decode_Experiment-3-1,2367132,-1.583988,Decoding
Encode-Decode_Experiment-3-1,2408717,0.256873,Decoding
Encode-Decode_Experiment-3-1,2379478,1.302111,Decoding
Encode-Decode_Experiment-3-1,2360001,-1.579801,Decoding
Encode-Decode_Experiment-3-1,2350974,1.899733,Decoding
Encode-Decode_Experiment-3-1,2344622,-0.495055,Decoding
Encode-Decode_Experiment-3-1,2385550,1.861125,Decoding
Encode-Decode_Experiment-3-1,2369373,1.864385,Decoding
Encode-Decode_Experiment-3-1,2345035,0.002203,Decoding
Encode-Decode_Experiment-4-1,2385851,1.113651,Decoding
Encode-Decode_Experiment-4-1,2394020,-0.04559,Decoding
Encode-Decode_Experiment-4-1,2369373,0.336585,Decoding
Encode-Decode_Experiment-4-1,2344622,0.418066,Decoding
Encode-Decode_Experiment-4-1,2360001,1.237536,Decoding
Encode-Decode_Experiment-4-1,2411268,1.833406,Decoding
Encode-Decode_Experiment-4-1,2410309,1.815878,Decoding
Encode-Decode_Experiment-4-1,2374670,1.638642,Decoding
Encode-Decode_Experiment-4-1,2383555,0.016569,Decoding
Encode-Decode_Experiment-4-1,2350974,0.243574,Decoding
Encode-Decode_Experiment-4-1,2367132,0.014453,Decoding
Encode-Decode_Experiment-4-1,2379478,-0.840269,Decoding
Encode-Decode_Experiment-4-1,2356125,0.502542,Decoding
Encode-Decode_Experiment-4-1,2348899,0.938811,Decoding
Encode-Decode_Experiment-4-1,2409918,-0.606278,Decoding
Encode-Decode_Experiment-4-1,2362704,0.350905,Decoding
Encode-Decode_Experiment-4-1,150472,0.682714,Decoding
Encode-Decode_Experiment-4-1,2397102,-0.535756,Decoding
Encode-Decode_Experiment-5-1,2369373,-0.009861,Decoding
Encode-Decode_Experiment-5-1,2410309,0.348071,Decoding
Encode-Decode_Experiment-5-1,2360001,0.59954,Decoding
Encode-Decode_Experiment-5-1,2350974,0.052793,Decoding
Encode-Decode_Experiment-5-1,2397102,0.519075,Decoding
Encode-Decode_Experiment-5-1,150472,-1.301137,Decoding
Encode-Decode_Experiment-5-1,2356991,-0.599773,Decoding
Encode-Decode_Experiment-5-1,2367132,0.53252,Decoding
Encode-Decode_Experiment-5-1,2385550,1.163075,Decoding
Encode-Decode_Experiment-5-1,2362704,-0.120073,Decoding
Encode-Decode_Experiment-5-1,2344622,1.291503,Decoding
Encode-Decode_Experiment-5-1,2383555,0.848718,Decoding
Encode-Decode_Experiment-6-1,2385851,0.626248,Decoding
Encode-Decode_Experiment-6-1,2379478,-0.030806,Decoding
Encode-Decode_Experiment-6-1,2409918,-1.872796,Decoding
Encode-Decode_Experiment-6-1,2410309,-0.21969,Decoding
Encode-Decode_Experiment-6-1,2360001,1.973877,Decoding
Encode-Decode_Experiment-6-1,2345035,-0.664071,Decoding
Encode-Decode_Experiment-6-1,2383555,-0.762438,Decoding
Encode-Decode_Experiment-6-1,2408717,-0.538672,Decoding
Encode-Decode_Experiment-6-1,2371471,1.368155,Decoding
Encode-Decode_Experiment-6-1,2350974,0.662746,Decoding
Encode-Decode_Experiment-6-1,2386442,0.691203,Decoding
Encode-Decode_Experiment-7-1,2347400,-0.512124,Decoding
Encode-Decode_Experiment-7-1,2345035,1.007445,Decoding
Encode-Decode_Experiment-7-1,2349475,-0.785526,Decoding
Encode-Decode_Experiment-7-1,2374670,-0.571931,Decoding
Encode-Decode_Experiment-7-1,2371471,2.065795,Decoding
Encode-Decode_Experiment-7-1,2348899,0.03136,Decoding
Encode-Decode_Experiment-7-1,2369373,1.540681,Decoding
Encode-Decode_Experiment-7-1,2344622,-0.797716,Decoding
Encode-Decode_Experiment-7-1,2383555,-0.777704,Decoding
Encode-Decode_Experiment-7-1,2385550,-0.033121,Decoding
Encode-Decode_Experiment-7-1,2360001,0.299314,Decoding
Encode-Decode_Experiment-7-1,2394020,-0.052434,Decoding
Encode-Decode_Experiment-7-1,2397102,0.036224,Decoding
Encode-Decode_Experiment-7-1,2387122,0.047367,Decoding
Encode-Decode_Experiment-7-1,2379478,-0.799417,Decoding
Encode-Decode_Experiment-7-1,2409918,1.972712,Decoding
Encode-Decode_Experiment-7-1,2356125,-0.707214,Decoding
Encode-Decode_Experiment-8-1,2411268,-0.954175,Decoding
Encode-Decode_Experiment-8-1,2347025,0.161822,Decoding
Encode-Decode_Experiment-8-1,2379478,-0.460435,Decoding
Encode-Decode_Experiment-8-1,2350974,0.02779,Decoding
Encode-Decode_Experiment-8-1,2356991,0.83794,Decoding
Encode-Decode_Experiment-8-1,2374670,0.257247,Decoding
Encode-Decode_Experiment-8-1,2347400,1.364053,Decoding
Encode-Decode_Experiment-8-1,2387122,-0.456502,Decoding
Encode-Decode_Experiment-8-1,2369373,1.279936,Decoding
Encode-Decode_Experiment-8-1,2344622,-0.976905,Decoding
Encode-Decode_Experiment-8-1,2410309,0.299033,Decoding
Encode-Decode_Experiment-8-1,2367132,-0.662105,Decoding
Encode-Decode_Experiment-8-1,2385550,0.549121,Decoding
Encode-Decode_Experiment-8-1,2412687,-0.039131,Decoding
Encode-Decode_Experiment-8-1,2409918,-1.382037,Decoding
Encode-Decode_Experiment-8-1,2348899,-0.371414,Decoding
Encode-Decode_Experiment-8-1,2386442,-0.783227,Decoding
Encode-Decode_Experiment-8-1,2371471,1.295319,Decoding
Encode-Decode_Experiment-8-1,2360001,0.652715,Decoding
Encode-Decode_Experiment-8-1,150472,0.825221,Decoding
Encode-Decode_Experiment-8-1,2349475,1.444849,Decoding
Encode-Decode_Experiment-9-1,2383555,-0.436633,Decoding
Encode-Decode_Experiment-9-1,150472,0.741057,Decoding
Encode-Decode_Experiment-9-1,2360001,-0.967508,Decoding
Encode-Decode_Experiment-9-1,2394020,0.080114,Decoding
Encode-Decode_Experiment-9-1,2348899,3.023976,Decoding
Encode-Decode_Experiment-9-1,2408717,1.50819,Decoding
Encode-Decode_Experiment-9-1,2409918,0.267478,Decoding
Encode-Decode_Experiment-9-1,2356991,-0.030033,Decoding
